,Filename,x1_list,y1_list,x2_list,y2_list
741,berlin_000000_000019_leftImg8bit,199,135,319,375
662,berlin_000001_000019_leftImg8bit,320,127,440,367
364,berlin_000002_000019_leftImg8bit,426,203,476,303
778,berlin_000003_000019_leftImg8bit,412,180,487,330
1272,berlin_000004_000019_leftImg8bit,365,203,415,303
75,berlin_000005_000019_leftImg8bit,356,179,406,279
934,berlin_000006_000019_leftImg8bit,358,130,478,370
20,berlin_000007_000019_leftImg8bit,362,113,482,353
1237,berlin_000008_000019_leftImg8bit,362,202,412,302
921,berlin_000009_000019_leftImg8bit,355,205,405,305
1,berlin_000010_000019_leftImg8bit,321,129,441,369
256,berlin_000011_000019_leftImg8bit,188,186,238,286
42,berlin_000012_000019_leftImg8bit,392,174,467,324
629,berlin_000013_000019_leftImg8bit,446,191,496,291
128,berlin_000014_000019_leftImg8bit,416,156,491,306
416,berlin_000015_000019_leftImg8bit,347,187,397,287
720,berlin_000016_000019_leftImg8bit,233,200,283,300
1463,berlin_000017_000019_leftImg8bit,307,180,382,330
1189,berlin_000018_000019_leftImg8bit,336,122,456,362
1225,berlin_000019_000019_leftImg8bit,395,117,515,357
938,berlin_000020_000019_leftImg8bit,303,182,353,282
493,berlin_000021_000019_leftImg8bit,-1,-1,-1,-1
1238,berlin_000022_000019_leftImg8bit,311,200,361,300
482,berlin_000023_000019_leftImg8bit,373,171,448,321
900,berlin_000024_000019_leftImg8bit,377,129,497,369
158,berlin_000025_000019_leftImg8bit,298,191,348,291
241,berlin_000026_000019_leftImg8bit,325,121,445,361
723,berlin_000027_000019_leftImg8bit,335,127,455,367
545,berlin_000028_000019_leftImg8bit,351,202,401,302
1135,berlin_000029_000019_leftImg8bit,297,131,417,371
1506,berlin_000030_000019_leftImg8bit,398,171,473,321
1364,berlin_000031_000019_leftImg8bit,2,180,77,330
842,berlin_000032_000019_leftImg8bit,510,204,560,304
688,berlin_000033_000019_leftImg8bit,447,188,497,288
93,berlin_000034_000019_leftImg8bit,354,133,474,373
257,berlin_000035_000019_leftImg8bit,480,123,600,363
153,berlin_000036_000019_leftImg8bit,-1,-1,-1,-1
1029,berlin_000037_000019_leftImg8bit,685,205,735,305
1468,berlin_000038_000019_leftImg8bit,-1,-1,-1,-1
865,berlin_000039_000019_leftImg8bit,474,177,549,327
567,berlin_000040_000019_leftImg8bit,239,169,314,319
1240,berlin_000041_000019_leftImg8bit,314,198,364,298
333,berlin_000042_000019_leftImg8bit,382,112,502,352
6,berlin_000043_000019_leftImg8bit,640,204,690,304
680,berlin_000044_000019_leftImg8bit,381,193,431,293
910,berlin_000045_000019_leftImg8bit,618,129,738,369
603,berlin_000046_000019_leftImg8bit,-1,-1,-1,-1
1511,berlin_000047_000019_leftImg8bit,287,135,407,375
276,berlin_000048_000019_leftImg8bit,263,130,383,370
1432,berlin_000049_000019_leftImg8bit,260,189,310,289
1147,berlin_000050_000019_leftImg8bit,369,125,489,365
407,berlin_000051_000019_leftImg8bit,489,177,564,327
1212,berlin_000052_000019_leftImg8bit,170,129,290,369
137,berlin_000053_000019_leftImg8bit,340,153,415,303
152,berlin_000054_000019_leftImg8bit,321,156,396,306
1174,berlin_000055_000019_leftImg8bit,386,204,436,304
1059,berlin_000056_000019_leftImg8bit,510,202,560,302
43,berlin_000057_000019_leftImg8bit,602,204,652,304
492,berlin_000058_000019_leftImg8bit,9,170,84,320
1139,berlin_000059_000019_leftImg8bit,248,111,368,351
1160,berlin_000060_000019_leftImg8bit,445,122,565,362
739,berlin_000061_000019_leftImg8bit,-1,-1,-1,-1
220,berlin_000062_000019_leftImg8bit,232,205,282,305
1369,berlin_000063_000019_leftImg8bit,234,128,354,368
415,berlin_000064_000019_leftImg8bit,325,185,375,285
732,berlin_000065_000019_leftImg8bit,278,128,398,368
1054,berlin_000066_000019_leftImg8bit,-1,-1,-1,-1
817,berlin_000067_000019_leftImg8bit,427,202,477,302
1418,berlin_000068_000019_leftImg8bit,434,175,509,325
326,berlin_000069_000019_leftImg8bit,654,200,704,300
686,berlin_000070_000019_leftImg8bit,560,175,635,325
747,berlin_000071_000019_leftImg8bit,312,133,432,373
61,berlin_000072_000019_leftImg8bit,359,169,434,319
832,berlin_000073_000019_leftImg8bit,375,195,425,295
795,berlin_000074_000019_leftImg8bit,264,205,314,305
383,berlin_000075_000019_leftImg8bit,328,173,403,323
534,berlin_000076_000019_leftImg8bit,323,120,443,360
228,berlin_000077_000019_leftImg8bit,-1,-1,-1,-1
1196,berlin_000078_000019_leftImg8bit,334,179,409,329
766,berlin_000079_000019_leftImg8bit,-1,-1,-1,-1
547,berlin_000080_000019_leftImg8bit,400,177,450,277
805,berlin_000081_000019_leftImg8bit,304,199,354,299
970,berlin_000082_000019_leftImg8bit,275,133,395,373
750,berlin_000083_000019_leftImg8bit,274,180,349,330
403,berlin_000084_000019_leftImg8bit,234,126,354,366
786,berlin_000085_000019_leftImg8bit,-1,-1,-1,-1
774,berlin_000086_000019_leftImg8bit,668,202,718,302
895,berlin_000087_000019_leftImg8bit,292,124,412,364
576,berlin_000088_000019_leftImg8bit,422,180,497,330
324,berlin_000089_000019_leftImg8bit,330,164,405,314
1013,berlin_000090_000019_leftImg8bit,387,204,437,304
975,berlin_000091_000019_leftImg8bit,396,180,471,330
395,berlin_000092_000019_leftImg8bit,433,113,553,353
84,berlin_000093_000019_leftImg8bit,293,159,368,309
952,berlin_000094_000019_leftImg8bit,611,179,686,329
7,berlin_000095_000019_leftImg8bit,360,100,480,340
659,berlin_000096_000019_leftImg8bit,400,169,475,319
142,berlin_000097_000019_leftImg8bit,301,171,376,321
1257,berlin_000098_000019_leftImg8bit,198,132,318,372
484,berlin_000099_000019_leftImg8bit,272,164,347,314
525,berlin_000100_000019_leftImg8bit,482,134,602,374
287,berlin_000101_000019_leftImg8bit,163,178,238,328
794,berlin_000102_000019_leftImg8bit,325,176,400,326
182,berlin_000103_000019_leftImg8bit,132,131,252,371
1382,berlin_000104_000019_leftImg8bit,650,171,725,321
320,berlin_000105_000019_leftImg8bit,423,169,498,319
588,berlin_000106_000019_leftImg8bit,260,200,310,300
592,berlin_000107_000019_leftImg8bit,385,174,460,324
127,berlin_000108_000019_leftImg8bit,321,116,441,356
879,berlin_000109_000019_leftImg8bit,255,193,305,293
195,berlin_000110_000019_leftImg8bit,286,191,336,291
560,berlin_000111_000019_leftImg8bit,311,180,361,280
289,berlin_000112_000019_leftImg8bit,385,175,460,325
459,berlin_000113_000019_leftImg8bit,393,192,443,292
311,berlin_000114_000019_leftImg8bit,358,135,478,375
753,berlin_000115_000019_leftImg8bit,417,164,492,314
1030,berlin_000116_000019_leftImg8bit,425,130,545,370
1178,berlin_000117_000019_leftImg8bit,395,166,470,316
76,berlin_000118_000019_leftImg8bit,670,169,745,319
240,berlin_000119_000019_leftImg8bit,392,126,512,366
1052,berlin_000120_000019_leftImg8bit,-1,-1,-1,-1
183,berlin_000121_000019_leftImg8bit,388,170,463,320
260,berlin_000122_000019_leftImg8bit,197,170,272,320
497,berlin_000123_000019_leftImg8bit,222,196,272,296
893,berlin_000124_000019_leftImg8bit,338,197,388,297
294,berlin_000125_000019_leftImg8bit,360,129,480,369
1145,berlin_000126_000019_leftImg8bit,320,170,395,320
541,berlin_000127_000019_leftImg8bit,390,205,440,305
63,berlin_000128_000019_leftImg8bit,279,121,399,361
157,berlin_000129_000019_leftImg8bit,457,123,577,363
1294,berlin_000130_000019_leftImg8bit,425,196,475,296
2,berlin_000131_000019_leftImg8bit,288,180,363,330
435,berlin_000132_000019_leftImg8bit,280,133,400,373
866,berlin_000133_000019_leftImg8bit,346,173,421,323
451,berlin_000134_000019_leftImg8bit,385,204,435,304
1477,berlin_000135_000019_leftImg8bit,638,124,758,364
365,berlin_000136_000019_leftImg8bit,257,134,377,374
95,berlin_000137_000019_leftImg8bit,297,196,347,296
286,berlin_000138_000019_leftImg8bit,-1,-1,-1,-1
1489,berlin_000139_000019_leftImg8bit,327,171,402,321
342,berlin_000140_000019_leftImg8bit,379,117,499,357
635,berlin_000141_000019_leftImg8bit,273,129,393,369
292,berlin_000142_000019_leftImg8bit,279,130,399,370
1453,berlin_000143_000019_leftImg8bit,312,195,362,295
837,berlin_000144_000019_leftImg8bit,350,197,400,297
1041,berlin_000145_000019_leftImg8bit,305,127,425,367
716,berlin_000146_000019_leftImg8bit,354,204,404,304
423,berlin_000147_000019_leftImg8bit,341,159,416,309
718,berlin_000148_000019_leftImg8bit,443,202,493,302
1401,berlin_000149_000019_leftImg8bit,291,179,366,329
465,berlin_000150_000019_leftImg8bit,406,190,456,290
60,berlin_000151_000019_leftImg8bit,340,196,390,296
672,berlin_000152_000019_leftImg8bit,419,168,494,318
682,berlin_000153_000019_leftImg8bit,405,170,480,320
714,berlin_000154_000019_leftImg8bit,318,195,368,295
673,berlin_000155_000019_leftImg8bit,328,164,403,314
1200,berlin_000156_000019_leftImg8bit,379,198,429,298
232,berlin_000157_000019_leftImg8bit,330,114,450,354
1397,berlin_000158_000019_leftImg8bit,328,130,448,370
1459,berlin_000159_000019_leftImg8bit,350,134,470,374
822,berlin_000160_000019_leftImg8bit,448,133,568,373
330,berlin_000161_000019_leftImg8bit,548,166,623,316
193,berlin_000162_000019_leftImg8bit,580,134,700,374
1413,berlin_000163_000019_leftImg8bit,331,200,381,300
341,berlin_000164_000019_leftImg8bit,248,124,368,364
566,berlin_000165_000019_leftImg8bit,369,177,444,327
814,berlin_000166_000019_leftImg8bit,340,132,460,372
8,berlin_000167_000019_leftImg8bit,380,170,455,320
1337,berlin_000168_000019_leftImg8bit,338,196,388,296
1081,berlin_000169_000019_leftImg8bit,373,172,448,322
666,berlin_000170_000019_leftImg8bit,133,179,208,329
532,berlin_000171_000019_leftImg8bit,344,197,394,297
1452,berlin_000172_000019_leftImg8bit,348,161,423,311
1219,berlin_000173_000019_leftImg8bit,-1,-1,-1,-1
97,berlin_000174_000019_leftImg8bit,297,176,372,326
648,berlin_000175_000019_leftImg8bit,111,205,161,305
455,berlin_000176_000019_leftImg8bit,111,173,186,323
915,berlin_000177_000019_leftImg8bit,316,169,391,319
10,berlin_000178_000019_leftImg8bit,185,178,260,328
1268,berlin_000179_000019_leftImg8bit,711,202,761,302
1074,berlin_000180_000019_leftImg8bit,394,164,469,314
72,berlin_000181_000019_leftImg8bit,442,128,562,368
727,berlin_000182_000019_leftImg8bit,437,170,512,320
1118,berlin_000183_000019_leftImg8bit,397,193,447,293
1442,berlin_000184_000019_leftImg8bit,410,133,530,373
1186,berlin_000185_000019_leftImg8bit,491,198,541,298
788,berlin_000186_000019_leftImg8bit,388,125,508,365
130,berlin_000187_000019_leftImg8bit,214,164,289,314
275,berlin_000188_000019_leftImg8bit,360,152,435,302
1161,berlin_000189_000019_leftImg8bit,329,200,379,300
258,berlin_000190_000019_leftImg8bit,259,177,334,327
21,berlin_000191_000019_leftImg8bit,353,178,428,328
957,berlin_000192_000019_leftImg8bit,386,205,436,305
730,berlin_000193_000019_leftImg8bit,306,203,356,303
1116,berlin_000194_000019_leftImg8bit,206,177,281,327
125,berlin_000195_000019_leftImg8bit,316,205,366,305
349,berlin_000196_000019_leftImg8bit,331,200,381,300
966,berlin_000197_000019_leftImg8bit,488,200,538,300
26,berlin_000198_000019_leftImg8bit,369,132,489,372
163,berlin_000199_000019_leftImg8bit,438,180,513,330
131,berlin_000200_000019_leftImg8bit,351,205,401,305
1228,berlin_000201_000019_leftImg8bit,351,131,471,371
1355,berlin_000202_000019_leftImg8bit,495,180,570,330
1515,berlin_000203_000019_leftImg8bit,170,176,245,326
738,berlin_000204_000019_leftImg8bit,238,126,358,366
1400,berlin_000205_000019_leftImg8bit,-1,-1,-1,-1
1088,berlin_000206_000019_leftImg8bit,483,175,558,325
1448,berlin_000207_000019_leftImg8bit,313,128,433,368
461,berlin_000208_000019_leftImg8bit,292,176,367,326
706,berlin_000209_000019_leftImg8bit,337,177,412,327
793,berlin_000210_000019_leftImg8bit,267,133,387,373
70,berlin_000211_000019_leftImg8bit,359,178,434,328
995,berlin_000212_000019_leftImg8bit,179,176,254,326
835,berlin_000213_000019_leftImg8bit,472,202,522,302
605,berlin_000214_000019_leftImg8bit,249,161,324,311
1122,berlin_000215_000019_leftImg8bit,372,180,447,330
924,berlin_000216_000019_leftImg8bit,285,174,360,324
1055,berlin_000217_000019_leftImg8bit,355,126,475,366
944,berlin_000218_000019_leftImg8bit,408,177,483,327
717,berlin_000219_000019_leftImg8bit,-1,-1,-1,-1
1046,berlin_000220_000019_leftImg8bit,385,201,435,301
1504,berlin_000221_000019_leftImg8bit,260,179,335,329
1368,berlin_000222_000019_leftImg8bit,261,170,336,320
121,berlin_000223_000019_leftImg8bit,322,172,397,322
3,berlin_000224_000019_leftImg8bit,311,188,361,288
501,berlin_000225_000019_leftImg8bit,348,132,468,372
1019,berlin_000226_000019_leftImg8bit,346,160,421,310
920,berlin_000227_000019_leftImg8bit,369,129,489,369
888,berlin_000228_000019_leftImg8bit,316,118,436,358
135,berlin_000229_000019_leftImg8bit,459,167,534,317
574,berlin_000230_000019_leftImg8bit,496,161,571,311
777,berlin_000231_000019_leftImg8bit,404,197,454,297
424,berlin_000232_000019_leftImg8bit,364,192,414,292
1497,berlin_000233_000019_leftImg8bit,387,204,437,304
1325,berlin_000234_000019_leftImg8bit,398,174,473,324
1101,berlin_000235_000019_leftImg8bit,303,109,423,349
536,berlin_000236_000019_leftImg8bit,266,176,341,326
66,berlin_000237_000019_leftImg8bit,375,135,495,375
763,berlin_000238_000019_leftImg8bit,349,180,424,330
1117,berlin_000239_000019_leftImg8bit,379,193,429,293
653,berlin_000240_000019_leftImg8bit,272,177,347,327
1192,berlin_000241_000019_leftImg8bit,280,123,400,363
211,berlin_000242_000019_leftImg8bit,338,189,388,289
1033,berlin_000243_000019_leftImg8bit,381,204,431,304
749,berlin_000244_000019_leftImg8bit,305,181,355,281
699,berlin_000245_000019_leftImg8bit,324,203,374,303
968,berlin_000246_000019_leftImg8bit,308,180,383,330
797,berlin_000247_000019_leftImg8bit,287,134,407,374
1201,berlin_000248_000019_leftImg8bit,317,132,437,372
1134,berlin_000249_000019_leftImg8bit,297,135,417,375
947,berlin_000250_000019_leftImg8bit,251,175,326,325
844,berlin_000251_000019_leftImg8bit,340,115,460,355
249,berlin_000252_000019_leftImg8bit,332,205,382,305
16,berlin_000253_000019_leftImg8bit,299,196,349,296
1256,berlin_000254_000019_leftImg8bit,254,167,329,317
39,berlin_000255_000019_leftImg8bit,578,130,698,370
563,berlin_000256_000019_leftImg8bit,359,133,479,373
1372,berlin_000257_000019_leftImg8bit,350,119,470,359
1271,berlin_000258_000019_leftImg8bit,379,157,454,307
102,berlin_000259_000019_leftImg8bit,575,172,650,322
942,berlin_000260_000019_leftImg8bit,301,135,421,375
506,berlin_000261_000019_leftImg8bit,391,177,466,327
654,berlin_000262_000019_leftImg8bit,426,182,476,282
1282,berlin_000263_000019_leftImg8bit,315,121,435,361
1293,berlin_000264_000019_leftImg8bit,278,194,328,294
897,berlin_000265_000019_leftImg8bit,381,190,431,290
505,berlin_000266_000019_leftImg8bit,239,106,359,346
601,berlin_000267_000019_leftImg8bit,345,134,465,374
1262,berlin_000268_000019_leftImg8bit,357,190,407,290
604,berlin_000269_000019_leftImg8bit,280,134,400,374
1159,berlin_000270_000019_leftImg8bit,301,196,351,296
956,berlin_000271_000019_leftImg8bit,285,202,335,302
1406,berlin_000272_000019_leftImg8bit,408,175,483,325
309,berlin_000273_000019_leftImg8bit,340,134,460,374
999,berlin_000274_000019_leftImg8bit,317,174,392,324
53,berlin_000275_000019_leftImg8bit,455,202,505,302
790,berlin_000276_000019_leftImg8bit,351,133,471,373
1241,berlin_000277_000019_leftImg8bit,364,198,414,298
550,berlin_000278_000019_leftImg8bit,447,177,522,327
25,berlin_000279_000019_leftImg8bit,363,175,438,325
1050,berlin_000280_000019_leftImg8bit,-1,-1,-1,-1
368,berlin_000281_000019_leftImg8bit,-1,-1,-1,-1
825,berlin_000282_000019_leftImg8bit,278,197,328,297
1001,berlin_000283_000019_leftImg8bit,327,114,447,354
1338,berlin_000284_000019_leftImg8bit,353,171,428,321
1478,berlin_000285_000019_leftImg8bit,410,199,460,299
1020,berlin_000286_000019_leftImg8bit,359,131,479,371
511,berlin_000287_000019_leftImg8bit,290,204,340,304
596,berlin_000288_000019_leftImg8bit,355,200,405,300
1472,berlin_000289_000019_leftImg8bit,320,185,370,285
107,berlin_000290_000019_leftImg8bit,274,171,349,321
1130,berlin_000291_000019_leftImg8bit,366,198,416,298
849,berlin_000292_000019_leftImg8bit,351,204,401,304
1167,berlin_000293_000019_leftImg8bit,265,134,385,374
429,berlin_000294_000019_leftImg8bit,325,173,400,323
1482,berlin_000295_000019_leftImg8bit,328,124,448,364
725,berlin_000296_000019_leftImg8bit,314,123,434,363
327,berlin_000297_000019_leftImg8bit,138,135,258,375
1215,berlin_000298_000019_leftImg8bit,383,162,458,312
883,berlin_000299_000019_leftImg8bit,381,187,431,287
584,berlin_000300_000019_leftImg8bit,256,178,331,328
1220,berlin_000301_000019_leftImg8bit,401,192,451,292
457,berlin_000302_000019_leftImg8bit,301,160,376,310
1299,berlin_000303_000019_leftImg8bit,264,172,339,322
1308,berlin_000304_000019_leftImg8bit,412,195,462,295
80,berlin_000305_000019_leftImg8bit,279,197,329,297
471,berlin_000306_000019_leftImg8bit,313,205,363,305
1113,berlin_000307_000019_leftImg8bit,350,171,425,321
262,berlin_000308_000019_leftImg8bit,316,128,436,368
867,berlin_000309_000019_leftImg8bit,409,180,484,330
1061,berlin_000310_000019_leftImg8bit,316,111,436,351
831,berlin_000311_000019_leftImg8bit,190,179,265,329
438,berlin_000312_000019_leftImg8bit,-1,-1,-1,-1
1259,berlin_000313_000019_leftImg8bit,337,166,412,316
433,berlin_000314_000019_leftImg8bit,-1,-1,-1,-1
509,berlin_000315_000019_leftImg8bit,334,164,409,314
646,berlin_000316_000019_leftImg8bit,397,191,447,291
91,berlin_000317_000019_leftImg8bit,250,132,370,372
184,berlin_000318_000019_leftImg8bit,394,189,444,289
129,berlin_000319_000019_leftImg8bit,390,135,510,375
782,berlin_000320_000019_leftImg8bit,-1,-1,-1,-1
1454,berlin_000321_000019_leftImg8bit,591,120,711,360
1091,berlin_000322_000019_leftImg8bit,292,173,367,323
695,berlin_000323_000019_leftImg8bit,340,134,460,374
1332,berlin_000324_000019_leftImg8bit,-1,-1,-1,-1
343,berlin_000325_000019_leftImg8bit,339,184,389,284
799,berlin_000326_000019_leftImg8bit,180,176,255,326
906,berlin_000327_000019_leftImg8bit,-1,-1,-1,-1
611,berlin_000328_000019_leftImg8bit,322,120,442,360
1049,berlin_000329_000019_leftImg8bit,232,171,307,321
1003,berlin_000330_000019_leftImg8bit,313,199,363,299
1274,berlin_000331_000019_leftImg8bit,370,178,445,328
1496,berlin_000332_000019_leftImg8bit,333,120,453,360
1451,berlin_000333_000019_leftImg8bit,187,128,307,368
362,berlin_000334_000019_leftImg8bit,344,158,419,308
38,berlin_000335_000019_leftImg8bit,470,201,520,301
582,berlin_000336_000019_leftImg8bit,623,122,743,362
862,berlin_000337_000019_leftImg8bit,345,131,465,371
409,berlin_000338_000019_leftImg8bit,327,164,402,314
479,berlin_000339_000019_leftImg8bit,465,182,515,282
757,berlin_000340_000019_leftImg8bit,363,114,483,354
1509,berlin_000341_000019_leftImg8bit,343,179,418,329
206,berlin_000342_000019_leftImg8bit,308,168,383,318
1258,berlin_000343_000019_leftImg8bit,282,122,402,362
556,berlin_000344_000019_leftImg8bit,402,196,452,296
1190,berlin_000345_000019_leftImg8bit,331,204,381,304
1197,berlin_000346_000019_leftImg8bit,429,203,479,303
1346,berlin_000347_000019_leftImg8bit,388,173,438,273
899,berlin_000348_000019_leftImg8bit,394,172,469,322
1429,berlin_000349_000019_leftImg8bit,327,146,402,296
419,berlin_000350_000019_leftImg8bit,348,196,398,296
1039,berlin_000351_000019_leftImg8bit,285,176,360,326
620,berlin_000352_000019_leftImg8bit,349,133,469,373
577,berlin_000353_000019_leftImg8bit,348,159,423,309
606,berlin_000354_000019_leftImg8bit,-1,-1,-1,-1
238,berlin_000355_000019_leftImg8bit,419,114,539,354
872,berlin_000356_000019_leftImg8bit,366,119,486,359
279,berlin_000357_000019_leftImg8bit,297,128,417,368
1038,berlin_000358_000019_leftImg8bit,509,203,559,303
742,berlin_000359_000019_leftImg8bit,367,171,442,321
1391,berlin_000360_000019_leftImg8bit,307,203,357,303
764,berlin_000361_000019_leftImg8bit,293,107,413,347
1010,berlin_000362_000019_leftImg8bit,-1,-1,-1,-1
1048,berlin_000363_000019_leftImg8bit,452,174,527,324
848,berlin_000364_000019_leftImg8bit,320,133,440,373
1230,berlin_000365_000019_leftImg8bit,688,195,738,295
1349,berlin_000366_000019_leftImg8bit,354,178,429,328
681,berlin_000367_000019_leftImg8bit,253,200,303,300
477,berlin_000368_000019_leftImg8bit,423,180,498,330
705,berlin_000369_000019_leftImg8bit,410,168,485,318
1021,berlin_000370_000019_leftImg8bit,253,128,373,368
608,berlin_000371_000019_leftImg8bit,367,134,487,374
1270,berlin_000372_000019_leftImg8bit,223,109,343,349
761,berlin_000373_000019_leftImg8bit,359,175,434,325
1508,berlin_000374_000019_leftImg8bit,-1,-1,-1,-1
1078,berlin_000375_000019_leftImg8bit,447,201,497,301
421,berlin_000376_000019_leftImg8bit,309,113,429,353
351,berlin_000377_000019_leftImg8bit,373,171,448,321
449,berlin_000378_000019_leftImg8bit,339,164,414,314
172,berlin_000379_000019_leftImg8bit,370,175,445,325
144,berlin_000380_000019_leftImg8bit,362,128,482,368
352,berlin_000381_000019_leftImg8bit,243,204,293,304
691,berlin_000382_000019_leftImg8bit,317,179,392,329
56,berlin_000383_000019_leftImg8bit,304,174,379,324
507,berlin_000384_000019_leftImg8bit,403,193,453,293
226,berlin_000385_000019_leftImg8bit,394,191,444,291
729,berlin_000386_000019_leftImg8bit,525,177,600,327
78,berlin_000387_000019_leftImg8bit,246,131,366,371
151,berlin_000388_000019_leftImg8bit,354,203,404,303
607,berlin_000389_000019_leftImg8bit,362,194,412,294
68,berlin_000390_000019_leftImg8bit,391,117,511,357
614,berlin_000391_000019_leftImg8bit,384,132,504,372
638,berlin_000392_000019_leftImg8bit,298,175,373,325
1210,berlin_000393_000019_leftImg8bit,394,203,444,303
371,berlin_000394_000019_leftImg8bit,438,168,513,318
1067,berlin_000395_000019_leftImg8bit,308,132,428,372
779,berlin_000396_000019_leftImg8bit,396,189,446,289
233,berlin_000397_000019_leftImg8bit,348,167,423,317
886,berlin_000398_000019_leftImg8bit,342,177,417,327
1243,berlin_000399_000019_leftImg8bit,307,187,357,287
133,berlin_000400_000019_leftImg8bit,571,180,646,330
892,berlin_000401_000019_leftImg8bit,243,126,363,366
1018,berlin_000402_000019_leftImg8bit,342,191,392,291
1032,berlin_000403_000019_leftImg8bit,329,201,379,301
1109,berlin_000404_000019_leftImg8bit,344,133,464,373
337,berlin_000405_000019_leftImg8bit,391,193,441,293
1129,berlin_000406_000019_leftImg8bit,324,195,374,295
1094,berlin_000407_000019_leftImg8bit,376,157,451,307
1306,berlin_000408_000019_leftImg8bit,330,162,405,312
704,berlin_000409_000019_leftImg8bit,297,159,372,309
267,berlin_000410_000019_leftImg8bit,315,123,435,363
382,berlin_000411_000019_leftImg8bit,327,176,377,276
1086,berlin_000412_000019_leftImg8bit,320,180,395,330
1420,berlin_000413_000019_leftImg8bit,495,198,545,298
1175,berlin_000414_000019_leftImg8bit,433,203,483,303
803,berlin_000415_000019_leftImg8bit,295,127,415,367
1246,berlin_000416_000019_leftImg8bit,442,194,492,294
155,berlin_000417_000019_leftImg8bit,371,173,446,323
1098,berlin_000418_000019_leftImg8bit,400,205,450,305
297,berlin_000419_000019_leftImg8bit,353,179,428,329
514,berlin_000420_000019_leftImg8bit,140,172,215,322
1194,berlin_000421_000019_leftImg8bit,369,119,489,359
1239,berlin_000422_000019_leftImg8bit,307,134,427,374
846,berlin_000423_000019_leftImg8bit,412,203,462,303
117,berlin_000424_000019_leftImg8bit,302,201,352,301
1218,berlin_000425_000019_leftImg8bit,350,180,425,330
951,berlin_000426_000019_leftImg8bit,308,165,383,315
197,berlin_000427_000019_leftImg8bit,204,203,254,303
517,berlin_000428_000019_leftImg8bit,332,127,452,367
185,berlin_000429_000019_leftImg8bit,469,183,519,283
770,berlin_000430_000019_leftImg8bit,395,132,515,372
1123,berlin_000431_000019_leftImg8bit,241,198,291,298
1379,berlin_000432_000019_leftImg8bit,320,157,395,307
964,berlin_000433_000019_leftImg8bit,276,199,326,299
744,berlin_000434_000019_leftImg8bit,255,119,375,359
1121,berlin_000435_000019_leftImg8bit,426,203,476,303
1510,berlin_000436_000019_leftImg8bit,308,178,383,328
1426,berlin_000437_000019_leftImg8bit,437,174,512,324
126,berlin_000438_000019_leftImg8bit,378,170,428,270
236,berlin_000439_000019_leftImg8bit,345,109,465,349
1227,berlin_000440_000019_leftImg8bit,535,187,585,287
1151,berlin_000441_000019_leftImg8bit,244,135,364,375
909,berlin_000442_000019_leftImg8bit,213,202,263,302
462,berlin_000443_000019_leftImg8bit,317,128,437,368
11,berlin_000444_000019_leftImg8bit,339,179,414,329
610,berlin_000445_000019_leftImg8bit,352,187,402,287
1470,berlin_000446_000019_leftImg8bit,405,172,480,322
621,berlin_000447_000019_leftImg8bit,184,198,234,298
535,berlin_000448_000019_leftImg8bit,357,135,477,375
313,berlin_000449_000019_leftImg8bit,308,203,358,303
902,berlin_000450_000019_leftImg8bit,304,124,424,364
542,berlin_000451_000019_leftImg8bit,-1,-1,-1,-1
754,berlin_000452_000019_leftImg8bit,339,193,389,293
329,berlin_000453_000019_leftImg8bit,356,173,431,323
348,berlin_000454_000019_leftImg8bit,288,128,408,368
559,berlin_000455_000019_leftImg8bit,459,177,534,327
548,berlin_000456_000019_leftImg8bit,565,192,615,292
399,berlin_000457_000019_leftImg8bit,374,178,449,328
807,berlin_000458_000019_leftImg8bit,312,125,432,365
213,berlin_000459_000019_leftImg8bit,289,117,409,357
1281,berlin_000460_000019_leftImg8bit,351,127,471,367
222,berlin_000461_000019_leftImg8bit,391,202,441,302
1051,berlin_000462_000019_leftImg8bit,299,153,374,303
780,berlin_000463_000019_leftImg8bit,310,198,360,298
1288,berlin_000464_000019_leftImg8bit,372,198,422,298
1424,berlin_000465_000019_leftImg8bit,13,178,88,328
743,berlin_000466_000019_leftImg8bit,431,180,481,280
1236,berlin_000467_000019_leftImg8bit,20,196,70,296
598,berlin_000468_000019_leftImg8bit,341,129,461,369
174,berlin_000469_000019_leftImg8bit,252,200,302,300
1100,berlin_000470_000019_leftImg8bit,257,173,332,323
170,berlin_000471_000019_leftImg8bit,460,185,510,285
1479,berlin_000472_000019_leftImg8bit,371,175,446,325
520,berlin_000473_000019_leftImg8bit,337,172,387,272
1490,berlin_000474_000019_leftImg8bit,313,175,388,325
1276,berlin_000475_000019_leftImg8bit,317,119,437,359
1318,berlin_000476_000019_leftImg8bit,369,199,419,299
593,berlin_000477_000019_leftImg8bit,376,172,451,322
499,berlin_000478_000019_leftImg8bit,366,205,416,305
285,berlin_000479_000019_leftImg8bit,377,161,452,311
325,berlin_000480_000019_leftImg8bit,512,173,587,323
834,berlin_000481_000019_leftImg8bit,305,192,355,292
1153,berlin_000482_000019_leftImg8bit,528,171,603,321
1423,berlin_000483_000019_leftImg8bit,323,112,443,352
475,berlin_000484_000019_leftImg8bit,496,179,571,329
359,berlin_000485_000019_leftImg8bit,332,132,452,372
679,berlin_000486_000019_leftImg8bit,424,128,544,368
146,berlin_000487_000019_leftImg8bit,390,197,440,297
1097,berlin_000488_000019_leftImg8bit,297,203,347,303
1484,berlin_000489_000019_leftImg8bit,329,202,379,302
581,berlin_000490_000019_leftImg8bit,375,172,450,322
798,berlin_000491_000019_leftImg8bit,386,186,436,286
622,berlin_000492_000019_leftImg8bit,331,130,451,370
508,berlin_000493_000019_leftImg8bit,409,187,459,287
697,berlin_000494_000019_leftImg8bit,352,175,427,325
1255,berlin_000495_000019_leftImg8bit,493,198,543,298
927,berlin_000496_000019_leftImg8bit,324,195,374,295
1425,berlin_000497_000019_leftImg8bit,347,113,467,353
224,berlin_000498_000019_leftImg8bit,415,122,535,362
1138,berlin_000499_000019_leftImg8bit,370,178,445,328
1152,berlin_000500_000019_leftImg8bit,362,118,482,358
1521,berlin_000501_000019_leftImg8bit,384,158,459,308
746,berlin_000502_000019_leftImg8bit,393,175,468,325
390,berlin_000503_000019_leftImg8bit,389,134,509,374
468,berlin_000504_000019_leftImg8bit,528,200,578,300
428,berlin_000505_000019_leftImg8bit,337,174,412,324
1320,berlin_000506_000019_leftImg8bit,418,162,493,312
376,berlin_000507_000019_leftImg8bit,101,199,151,299
280,berlin_000508_000019_leftImg8bit,469,116,589,356
1024,berlin_000509_000019_leftImg8bit,346,176,421,326
1070,berlin_000510_000019_leftImg8bit,340,162,415,312
406,berlin_000511_000019_leftImg8bit,117,135,237,375
354,berlin_000512_000019_leftImg8bit,323,127,443,367
1026,berlin_000513_000019_leftImg8bit,303,132,423,372
998,berlin_000514_000019_leftImg8bit,311,196,361,296
624,berlin_000515_000019_leftImg8bit,403,195,453,295
116,berlin_000516_000019_leftImg8bit,289,131,409,371
18,berlin_000517_000019_leftImg8bit,362,182,412,282
13,berlin_000518_000019_leftImg8bit,395,170,470,320
530,berlin_000519_000019_leftImg8bit,256,129,376,369
207,berlin_000520_000019_leftImg8bit,344,169,419,319
1229,berlin_000521_000019_leftImg8bit,375,116,495,356
1125,berlin_000522_000019_leftImg8bit,338,180,413,330
250,berlin_000523_000019_leftImg8bit,265,128,385,368
86,berlin_000524_000019_leftImg8bit,-1,-1,-1,-1
1248,berlin_000525_000019_leftImg8bit,271,178,346,328
543,berlin_000526_000019_leftImg8bit,411,180,486,330
293,berlin_000527_000019_leftImg8bit,370,190,420,290
1344,berlin_000528_000019_leftImg8bit,328,166,403,316
971,berlin_000529_000019_leftImg8bit,322,126,442,366
1316,berlin_000530_000019_leftImg8bit,320,179,395,329
1434,berlin_000531_000019_leftImg8bit,424,108,544,348
1348,berlin_000532_000019_leftImg8bit,520,169,595,319
422,berlin_000533_000019_leftImg8bit,178,119,298,359
51,berlin_000534_000019_leftImg8bit,217,185,267,285
903,berlin_000535_000019_leftImg8bit,302,180,377,330
247,berlin_000536_000019_leftImg8bit,345,188,395,288
887,berlin_000537_000019_leftImg8bit,355,200,405,300
1487,berlin_000538_000019_leftImg8bit,538,178,613,328
458,berlin_000539_000019_leftImg8bit,574,114,694,354
554,berlin_000540_000019_leftImg8bit,412,185,462,285
773,berlin_000541_000019_leftImg8bit,361,95,481,335
370,berlin_000542_000019_leftImg8bit,213,131,333,371
974,berlin_000543_000019_leftImg8bit,315,201,365,301
1110,bielefeld_000000_000321_leftImg8bit,299,197,349,297
460,bielefeld_000000_000856_leftImg8bit,41,178,116,328
1156,bielefeld_000000_001011_leftImg8bit,96,180,171,330
721,bielefeld_000000_001187_leftImg8bit,345,185,395,285
917,bielefeld_000000_001505_leftImg8bit,465,158,540,308
175,bielefeld_000000_001705_leftImg8bit,422,204,472,304
600,bielefeld_000000_002308_leftImg8bit,367,128,487,368
188,bielefeld_000000_002528_leftImg8bit,268,156,343,306
667,bielefeld_000000_002735_leftImg8bit,386,163,461,313
450,bielefeld_000000_003080_leftImg8bit,456,130,576,370
1131,bielefeld_000000_003406_leftImg8bit,235,178,310,328
634,bielefeld_000000_003546_leftImg8bit,301,194,351,294
1520,bielefeld_000000_003731_leftImg8bit,310,177,385,327
1095,bielefeld_000000_004345_leftImg8bit,47,126,167,366
1223,bielefeld_000000_005068_leftImg8bit,338,174,413,324
1302,bielefeld_000000_005260_leftImg8bit,423,97,543,337
1157,bielefeld_000000_005372_leftImg8bit,348,174,423,324
490,bielefeld_000000_005584_leftImg8bit,399,180,474,330
118,bielefeld_000000_005741_leftImg8bit,370,125,490,365
22,bielefeld_000000_005942_leftImg8bit,287,179,362,329
476,bielefeld_000000_006239_leftImg8bit,333,197,383,297
1181,bielefeld_000000_006603_leftImg8bit,372,175,422,275
168,bielefeld_000000_006802_leftImg8bit,417,201,467,301
1185,bielefeld_000000_007030_leftImg8bit,180,155,255,305
113,bielefeld_000000_007186_leftImg8bit,288,170,363,320
264,bielefeld_000000_007545_leftImg8bit,168,127,288,367
905,bielefeld_000000_008279_leftImg8bit,438,174,513,324
448,bielefeld_000000_008581_leftImg8bit,368,127,488,367
1500,bielefeld_000000_008800_leftImg8bit,142,180,217,330
200,bielefeld_000000_009728_leftImg8bit,198,177,273,327
103,bielefeld_000000_009928_leftImg8bit,386,179,436,279
1469,bielefeld_000000_010156_leftImg8bit,264,134,384,374
982,bielefeld_000000_011367_leftImg8bit,641,186,691,286
791,bielefeld_000000_011831_leftImg8bit,-1,-1,-1,-1
148,bielefeld_000000_012080_leftImg8bit,309,154,384,304
877,bielefeld_000000_012584_leftImg8bit,422,177,472,277
800,bielefeld_000000_012788_leftImg8bit,302,172,377,322
323,bielefeld_000000_013570_leftImg8bit,389,160,464,310
49,bielefeld_000000_013665_leftImg8bit,303,188,353,288
785,bielefeld_000000_013814_leftImg8bit,322,179,397,329
709,bielefeld_000000_014068_leftImg8bit,421,123,541,363
1440,bielefeld_000000_015301_leftImg8bit,-1,-1,-1,-1
615,bielefeld_000000_015411_leftImg8bit,-1,-1,-1,-1
639,bielefeld_000000_015587_leftImg8bit,282,123,402,363
829,bielefeld_000000_015867_leftImg8bit,15,134,135,374
1209,bielefeld_000000_015942_leftImg8bit,404,166,454,266
919,bielefeld_000000_016019_leftImg8bit,264,201,314,301
252,bielefeld_000000_016718_leftImg8bit,251,192,301,292
647,bielefeld_000000_016924_leftImg8bit,276,122,396,362
495,bielefeld_000000_017051_leftImg8bit,376,174,451,324
150,bielefeld_000000_017279_leftImg8bit,535,171,610,321
344,bielefeld_000000_017438_leftImg8bit,405,159,480,309
1044,bielefeld_000000_017774_leftImg8bit,409,127,529,367
1499,bielefeld_000000_018102_leftImg8bit,-1,-1,-1,-1
678,bielefeld_000000_018345_leftImg8bit,421,175,496,325
1505,bielefeld_000000_018644_leftImg8bit,389,164,464,314
945,bielefeld_000000_019416_leftImg8bit,323,104,443,344
98,bielefeld_000000_020757_leftImg8bit,644,178,719,328
112,bielefeld_000000_020900_leftImg8bit,600,180,675,330
1328,bielefeld_000000_021221_leftImg8bit,514,176,589,326
316,bielefeld_000000_021341_leftImg8bit,254,135,374,375
573,bielefeld_000000_021381_leftImg8bit,-1,-1,-1,-1
771,bielefeld_000000_021625_leftImg8bit,274,133,394,373
1524,bielefeld_000000_021826_leftImg8bit,348,197,398,297
587,bielefeld_000000_022261_leftImg8bit,374,177,449,327
5,bielefeld_000000_022835_leftImg8bit,90,178,165,328
1378,bielefeld_000000_025061_leftImg8bit,439,177,514,327
331,bielefeld_000000_025426_leftImg8bit,645,123,765,363
863,bielefeld_000000_025748_leftImg8bit,46,131,166,371
1303,bielefeld_000000_026053_leftImg8bit,434,134,554,374
1087,bielefeld_000000_026296_leftImg8bit,437,121,557,361
52,bielefeld_000000_026550_leftImg8bit,507,108,627,348
918,bielefeld_000000_026660_leftImg8bit,343,172,418,322
414,bielefeld_000000_026823_leftImg8bit,482,179,557,329
273,bielefeld_000000_027221_leftImg8bit,388,194,438,294
590,bielefeld_000000_027586_leftImg8bit,407,113,527,353
177,bielefeld_000000_027928_leftImg8bit,350,157,425,307
820,bielefeld_000000_028046_leftImg8bit,420,170,495,320
266,bielefeld_000000_028148_leftImg8bit,325,165,375,265
1314,bielefeld_000000_028414_leftImg8bit,166,120,286,360
244,bielefeld_000000_028550_leftImg8bit,-1,-1,-1,-1
875,bielefeld_000000_028747_leftImg8bit,348,202,398,302
496,bielefeld_000000_029148_leftImg8bit,415,185,465,285
539,bielefeld_000000_030038_leftImg8bit,327,133,447,373
1443,bielefeld_000000_030366_leftImg8bit,199,125,319,365
1084,bielefeld_000000_030958_leftImg8bit,184,198,234,298
1187,bielefeld_000000_031244_leftImg8bit,390,202,440,302
890,bielefeld_000000_031510_leftImg8bit,546,194,596,294
882,bielefeld_000000_032388_leftImg8bit,507,189,557,289
57,bielefeld_000000_032766_leftImg8bit,317,134,437,374
1266,bielefeld_000000_033675_leftImg8bit,281,202,331,302
139,bielefeld_000000_033770_leftImg8bit,291,170,366,320
1002,bielefeld_000000_033979_leftImg8bit,358,127,478,367
1457,bielefeld_000000_034705_leftImg8bit,440,165,490,265
1286,bielefeld_000000_034929_leftImg8bit,335,133,455,373
464,bielefeld_000000_035223_leftImg8bit,359,120,479,360
201,bielefeld_000000_035537_leftImg8bit,583,125,703,365
69,bielefeld_000000_035879_leftImg8bit,325,203,375,303
907,bielefeld_000000_036362_leftImg8bit,137,198,187,298
31,bielefeld_000000_036732_leftImg8bit,415,163,490,313
941,bielefeld_000000_037016_leftImg8bit,304,186,354,286
809,bielefeld_000000_037159_leftImg8bit,323,184,373,284
755,bielefeld_000000_037422_leftImg8bit,407,179,482,329
531,bielefeld_000000_038924_leftImg8bit,515,167,590,317
838,bielefeld_000000_039082_leftImg8bit,345,131,465,371
954,bielefeld_000000_039221_leftImg8bit,475,151,550,301
962,bielefeld_000000_039596_leftImg8bit,365,173,440,323
1373,bielefeld_000000_040035_leftImg8bit,315,199,365,299
306,bielefeld_000000_040472_leftImg8bit,254,116,374,356
1173,bielefeld_000000_041014_leftImg8bit,309,132,429,372
564,bielefeld_000000_041142_leftImg8bit,322,179,372,279
243,bielefeld_000000_041223_leftImg8bit,289,166,364,316
775,bielefeld_000000_041444_leftImg8bit,298,165,373,315
143,bielefeld_000000_042403_leftImg8bit,253,131,373,371
692,bielefeld_000000_042571_leftImg8bit,373,168,448,318
628,bielefeld_000000_042717_leftImg8bit,482,205,532,305
1494,bielefeld_000000_043100_leftImg8bit,473,203,523,303
980,bielefeld_000000_043389_leftImg8bit,347,122,467,362
30,bielefeld_000000_043610_leftImg8bit,418,193,468,293
816,bielefeld_000000_044085_leftImg8bit,-1,-1,-1,-1
386,bielefeld_000000_045117_leftImg8bit,327,102,447,342
989,bielefeld_000000_045232_leftImg8bit,410,159,485,309
417,bielefeld_000000_046023_leftImg8bit,316,112,436,352
47,bielefeld_000000_046212_leftImg8bit,219,115,339,355
949,bielefeld_000000_046495_leftImg8bit,614,109,734,349
1222,bielefeld_000000_047542_leftImg8bit,297,164,372,314
712,bielefeld_000000_047918_leftImg8bit,245,107,365,347
540,bielefeld_000000_048227_leftImg8bit,239,132,359,372
221,bielefeld_000000_048518_leftImg8bit,261,199,311,299
562,bielefeld_000000_048754_leftImg8bit,338,204,388,304
500,bielefeld_000000_048864_leftImg8bit,424,202,474,302
77,bielefeld_000000_049313_leftImg8bit,167,119,287,359
1062,bielefeld_000000_049446_leftImg8bit,341,175,416,325
864,bielefeld_000000_050021_leftImg8bit,-1,-1,-1,-1
120,bielefeld_000000_050426_leftImg8bit,371,205,421,305
1040,bielefeld_000000_050586_leftImg8bit,361,179,436,329
223,bielefeld_000000_051102_leftImg8bit,270,198,320,298
162,bielefeld_000000_051223_leftImg8bit,397,201,447,301
745,bielefeld_000000_051894_leftImg8bit,241,164,316,314
71,bielefeld_000000_052155_leftImg8bit,169,123,289,363
871,bielefeld_000000_053028_leftImg8bit,544,202,594,302
161,bielefeld_000000_053384_leftImg8bit,608,174,683,324
259,bielefeld_000000_053583_leftImg8bit,491,130,611,370
869,bielefeld_000000_053779_leftImg8bit,249,186,299,286
1267,bielefeld_000000_055003_leftImg8bit,426,174,501,324
227,bielefeld_000000_055145_leftImg8bit,302,188,352,288
391,bielefeld_000000_056175_leftImg8bit,273,179,348,329
1518,bielefeld_000000_056226_leftImg8bit,66,187,116,287
731,bielefeld_000000_056310_leftImg8bit,496,167,571,317
1114,bielefeld_000000_056493_leftImg8bit,79,169,154,319
627,bielefeld_000000_056603_leftImg8bit,311,123,431,363
1179,bielefeld_000000_056866_leftImg8bit,676,167,751,317
526,bielefeld_000000_058374_leftImg8bit,640,164,715,314
1491,bielefeld_000000_058776_leftImg8bit,330,187,380,287
1361,bielefeld_000000_058934_leftImg8bit,344,135,464,375
642,bielefeld_000000_059119_leftImg8bit,-1,-1,-1,-1
405,bielefeld_000000_059303_leftImg8bit,211,132,331,372
963,bielefeld_000000_059355_leftImg8bit,390,171,465,321
401,bielefeld_000000_059501_leftImg8bit,400,198,450,298
912,bielefeld_000000_059651_leftImg8bit,346,131,466,371
580,bielefeld_000000_059729_leftImg8bit,102,133,222,373
821,bielefeld_000000_059766_leftImg8bit,8,185,58,285
1136,bielefeld_000000_059842_leftImg8bit,246,115,366,355
55,bielefeld_000000_060786_leftImg8bit,426,166,501,316
225,bielefeld_000000_060861_leftImg8bit,615,171,690,321
79,bielefeld_000000_061094_leftImg8bit,149,174,224,324
1466,bielefeld_000000_061341_leftImg8bit,475,103,595,343
1191,bielefeld_000000_061975_leftImg8bit,359,184,409,284
1275,bielefeld_000000_062121_leftImg8bit,107,126,227,366
1430,bielefeld_000000_063427_leftImg8bit,-1,-1,-1,-1
518,bielefeld_000000_063623_leftImg8bit,313,195,363,295
109,bielefeld_000000_063939_leftImg8bit,366,154,441,304
1253,bielefeld_000000_064271_leftImg8bit,396,175,446,275
1206,bielefeld_000000_064583_leftImg8bit,330,125,450,365
728,bielefeld_000000_064805_leftImg8bit,423,96,543,336
315,bielefeld_000000_064910_leftImg8bit,461,131,581,371
996,bielefeld_000000_065023_leftImg8bit,218,134,338,374
1377,bielefeld_000000_065154_leftImg8bit,324,110,444,350
549,bielefeld_000000_066195_leftImg8bit,346,175,396,275
166,bielefeld_000000_066405_leftImg8bit,495,174,570,324
1317,bielefeld_000000_066495_leftImg8bit,295,126,415,366
665,bonn_000000_000019_leftImg8bit,288,168,363,318
1331,bonn_000001_000019_leftImg8bit,213,134,333,374
687,bonn_000002_000019_leftImg8bit,433,177,508,327
1155,bonn_000003_000019_leftImg8bit,630,107,750,347
1353,bonn_000004_000019_leftImg8bit,365,122,485,362
1076,bonn_000005_000019_leftImg8bit,417,189,467,289
880,bonn_000006_000019_leftImg8bit,269,132,389,372
447,bonn_000007_000019_leftImg8bit,530,190,580,290
1399,bonn_000008_000019_leftImg8bit,180,178,230,278
99,bonn_000009_000019_leftImg8bit,338,192,388,292
1144,bonn_000010_000019_leftImg8bit,-1,-1,-1,-1
1403,bonn_000011_000019_leftImg8bit,326,177,401,327
1149,bonn_000012_000019_leftImg8bit,404,194,454,294
398,bonn_000013_000019_leftImg8bit,317,166,392,316
132,bonn_000014_000019_leftImg8bit,393,203,443,303
833,bonn_000015_000019_leftImg8bit,365,203,415,303
265,bonn_000016_000019_leftImg8bit,297,177,372,327
1329,bonn_000017_000019_leftImg8bit,321,170,396,320
1335,bonn_000018_000019_leftImg8bit,319,157,394,307
703,bonn_000019_000019_leftImg8bit,99,175,174,325
568,bonn_000020_000019_leftImg8bit,406,175,481,325
904,bonn_000021_000019_leftImg8bit,284,109,404,349
1462,bonn_000022_000019_leftImg8bit,312,131,432,371
1522,bonn_000023_000019_leftImg8bit,385,184,435,284
302,bonn_000024_000019_leftImg8bit,411,179,486,329
41,bonn_000025_000019_leftImg8bit,336,121,456,361
537,bonn_000026_000019_leftImg8bit,399,177,474,327
67,bonn_000027_000019_leftImg8bit,371,172,446,322
442,bonn_000028_000019_leftImg8bit,476,165,551,315
861,bonn_000029_000019_leftImg8bit,372,130,492,370
1216,bonn_000030_000019_leftImg8bit,455,124,575,364
237,bonn_000031_000019_leftImg8bit,471,175,546,325
1164,bonn_000032_000019_leftImg8bit,263,166,338,316
579,bonn_000033_000019_leftImg8bit,320,132,440,372
1182,bonn_000034_000019_leftImg8bit,462,198,512,298
1416,bonn_000035_000019_leftImg8bit,225,99,345,339
874,bonn_000036_000019_leftImg8bit,-1,-1,-1,-1
298,bonn_000037_000019_leftImg8bit,326,89,446,329
1214,bonn_000038_000019_leftImg8bit,458,133,578,373
0,bonn_000039_000019_leftImg8bit,346,124,466,364
1104,bonn_000040_000019_leftImg8bit,254,113,374,353
1154,bonn_000041_000019_leftImg8bit,420,201,470,301
914,bonn_000042_000019_leftImg8bit,375,175,450,325
377,bonn_000043_000019_leftImg8bit,303,204,353,304
1199,bonn_000044_000019_leftImg8bit,417,166,492,316
167,bonn_000045_000019_leftImg8bit,520,130,640,370
569,leverkusen_000000_000019_leftImg8bit,406,199,456,299
1007,leverkusen_000001_000019_leftImg8bit,410,178,485,328
1082,leverkusen_000002_000019_leftImg8bit,284,126,404,366
674,leverkusen_000003_000019_leftImg8bit,518,171,593,321
1015,leverkusen_000004_000019_leftImg8bit,393,171,468,321
452,leverkusen_000005_000019_leftImg8bit,374,197,424,297
640,leverkusen_000006_000019_leftImg8bit,287,133,407,373
149,leverkusen_000007_000019_leftImg8bit,-1,-1,-1,-1
1437,leverkusen_000008_000019_leftImg8bit,266,135,386,375
928,leverkusen_000009_000019_leftImg8bit,111,134,231,374
572,leverkusen_000010_000019_leftImg8bit,415,126,535,366
1107,leverkusen_000011_000019_leftImg8bit,319,200,369,300
1071,leverkusen_000012_000019_leftImg8bit,296,158,371,308
242,leverkusen_000013_000019_leftImg8bit,267,124,387,364
1356,leverkusen_000014_000019_leftImg8bit,335,176,410,326
321,leverkusen_000015_000019_leftImg8bit,-1,-1,-1,-1
713,leverkusen_000016_000019_leftImg8bit,363,191,413,291
965,leverkusen_000017_000019_leftImg8bit,165,195,215,295
83,leverkusen_000018_000019_leftImg8bit,346,133,466,373
328,leverkusen_000019_000019_leftImg8bit,-1,-1,-1,-1
1035,leverkusen_000020_000019_leftImg8bit,252,130,372,370
1444,leverkusen_000021_000019_leftImg8bit,315,179,390,329
623,leverkusen_000022_000019_leftImg8bit,-1,-1,-1,-1
173,leverkusen_000023_000019_leftImg8bit,393,179,468,329
212,leverkusen_000024_000019_leftImg8bit,379,175,454,325
967,leverkusen_000025_000019_leftImg8bit,-1,-1,-1,-1
1339,leverkusen_000026_000019_leftImg8bit,391,201,441,301
578,leverkusen_000027_000019_leftImg8bit,324,161,399,311
45,leverkusen_000028_000019_leftImg8bit,293,130,413,370
171,leverkusen_000029_000019_leftImg8bit,393,169,468,319
1224,leverkusen_000030_000019_leftImg8bit,454,198,504,298
1177,leverkusen_000031_000019_leftImg8bit,131,120,251,360
826,leverkusen_000032_000019_leftImg8bit,513,204,563,304
191,leverkusen_000033_000019_leftImg8bit,238,170,313,320
483,leverkusen_000034_000019_leftImg8bit,408,170,483,320
375,leverkusen_000035_000019_leftImg8bit,303,123,423,363
1108,leverkusen_000036_000019_leftImg8bit,323,135,443,375
58,leverkusen_000037_000019_leftImg8bit,277,179,352,329
33,leverkusen_000038_000019_leftImg8bit,320,176,395,326
663,leverkusen_000039_000019_leftImg8bit,369,205,419,305
1290,leverkusen_000040_000019_leftImg8bit,399,124,519,364
1394,leverkusen_000041_000019_leftImg8bit,413,131,533,371
1411,leverkusen_000042_000019_leftImg8bit,326,194,376,294
1315,leverkusen_000043_000019_leftImg8bit,369,131,489,371
1380,leverkusen_000044_000019_leftImg8bit,305,135,425,375
929,leverkusen_000045_000019_leftImg8bit,-1,-1,-1,-1
1347,leverkusen_000046_000019_leftImg8bit,297,127,417,367
1188,leverkusen_000047_000019_leftImg8bit,93,201,143,301
319,leverkusen_000048_000019_leftImg8bit,303,118,423,358
65,leverkusen_000049_000019_leftImg8bit,329,123,449,363
440,leverkusen_000050_000019_leftImg8bit,310,170,385,320
1213,leverkusen_000051_000019_leftImg8bit,295,133,415,373
160,leverkusen_000052_000019_leftImg8bit,343,178,393,278
885,leverkusen_000053_000019_leftImg8bit,397,121,517,361
27,leverkusen_000054_000019_leftImg8bit,289,175,364,325
147,leverkusen_000055_000019_leftImg8bit,329,167,404,317
683,leverkusen_000056_000019_leftImg8bit,190,133,310,373
385,leverkusen_000057_000019_leftImg8bit,421,201,471,301
619,mainz_000000_000093_leftImg8bit,294,200,344,300
1183,mainz_000000_000293_leftImg8bit,376,204,426,304
878,mainz_000000_001003_leftImg8bit,327,202,377,302
420,mainz_000000_001068_leftImg8bit,522,184,572,284
378,mainz_000000_001265_leftImg8bit,374,178,449,328
356,mainz_000000_001410_leftImg8bit,319,108,439,348
210,mainz_000000_001601_leftImg8bit,556,135,676,375
1166,mainz_000000_001857_leftImg8bit,280,163,355,313
595,mainz_000000_002212_leftImg8bit,368,201,418,301
1264,mainz_000000_002353_leftImg8bit,357,175,432,325
208,mainz_000000_003049_leftImg8bit,164,134,284,374
281,mainz_000000_003250_leftImg8bit,379,181,429,281
1083,mainz_000000_003506_leftImg8bit,356,169,431,319
1384,mainz_000000_003619_leftImg8bit,482,157,557,307
676,mainz_000000_004000_leftImg8bit,323,164,398,314
724,mainz_000000_004237_leftImg8bit,684,192,734,292
345,mainz_000000_004542_leftImg8bit,570,173,645,323
178,mainz_000000_004740_leftImg8bit,582,164,657,314
413,mainz_000000_005403_leftImg8bit,361,204,411,304
1031,mainz_000000_005549_leftImg8bit,275,157,350,307
196,mainz_000000_005817_leftImg8bit,363,91,483,331
336,mainz_000000_006141_leftImg8bit,410,181,460,281
1065,mainz_000000_006263_leftImg8bit,492,129,612,369
466,mainz_000000_006368_leftImg8bit,446,170,496,270
357,mainz_000000_006649_leftImg8bit,387,112,507,352
322,mainz_000000_007415_leftImg8bit,548,205,598,305
990,mainz_000000_007813_leftImg8bit,589,197,639,297
387,mainz_000000_008001_leftImg8bit,208,158,283,308
1388,mainz_000000_008165_leftImg8bit,235,143,310,293
367,mainz_000000_008509_leftImg8bit,135,195,185,295
1438,mainz_000000_008645_leftImg8bit,357,177,432,327
1234,mainz_000000_008871_leftImg8bit,659,175,734,325
510,mainz_000000_009751_leftImg8bit,389,132,509,372
693,mainz_000000_009985_leftImg8bit,363,172,438,322
1004,mainz_000000_010171_leftImg8bit,466,192,516,292
726,mainz_000000_010417_leftImg8bit,347,104,467,344
1374,mainz_000000_010550_leftImg8bit,384,194,434,294
1471,mainz_000000_011339_leftImg8bit,346,198,396,298
124,mainz_000000_011879_leftImg8bit,111,180,186,330
702,mainz_000000_011965_leftImg8bit,-1,-1,-1,-1
1311,mainz_000000_012392_leftImg8bit,530,174,605,324
1516,mainz_000000_012737_leftImg8bit,389,131,509,371
254,mainz_000000_013095_leftImg8bit,494,153,569,303
388,mainz_000000_013437_leftImg8bit,411,126,531,366
891,mainz_000000_013671_leftImg8bit,544,187,594,287
1449,mainz_000000_013960_leftImg8bit,399,204,449,304
708,mainz_000000_014193_leftImg8bit,278,169,353,319
939,mainz_000000_014742_leftImg8bit,522,199,572,299
649,mainz_000000_015052_leftImg8bit,80,201,130,301
1053,mainz_000000_015170_leftImg8bit,530,194,580,294
138,mainz_000000_015760_leftImg8bit,608,180,683,330
194,mainz_000000_016083_leftImg8bit,108,185,158,285
789,mainz_000000_016281_leftImg8bit,413,149,463,249
551,mainz_000000_016612_leftImg8bit,32,127,152,367
1233,mainz_000000_016651_leftImg8bit,186,179,261,329
804,mainz_000000_016915_leftImg8bit,221,132,341,372
253,mainz_000000_017927_leftImg8bit,374,193,424,293
818,mainz_000000_018249_leftImg8bit,456,130,576,370
613,mainz_000000_018883_leftImg8bit,337,198,387,298
73,mainz_000000_019043_leftImg8bit,292,164,367,314
1265,mainz_000000_019227_leftImg8bit,429,129,549,369
1205,mainz_000000_019439_leftImg8bit,84,112,204,352
1102,mainz_000000_019686_leftImg8bit,367,135,487,375
977,mainz_000000_019847_leftImg8bit,336,200,386,300
1115,mainz_000000_020139_leftImg8bit,288,205,338,305
664,mainz_000000_020415_leftImg8bit,430,165,505,315
1333,mainz_000000_021457_leftImg8bit,205,180,280,330
1417,mainz_000000_021524_leftImg8bit,262,193,312,293
473,mainz_000000_021735_leftImg8bit,18,202,68,302
1171,mainz_000000_021833_leftImg8bit,393,169,468,319
1000,mainz_000000_022091_leftImg8bit,219,170,294,320
625,mainz_000000_022417_leftImg8bit,208,168,283,318
81,mainz_000001_000120_leftImg8bit,329,158,404,308
108,mainz_000001_000428_leftImg8bit,388,163,463,313
300,mainz_000001_001509_leftImg8bit,404,170,479,320
303,mainz_000001_002033_leftImg8bit,606,135,726,375
314,mainz_000001_002543_leftImg8bit,345,115,465,355
54,mainz_000001_002884_leftImg8bit,-1,-1,-1,-1
1060,mainz_000001_003012_leftImg8bit,398,157,473,307
1204,mainz_000001_003624_leftImg8bit,265,120,385,360
1168,mainz_000001_003702_leftImg8bit,389,149,464,299
1069,mainz_000001_003907_leftImg8bit,223,195,273,295
953,mainz_000001_004132_leftImg8bit,398,135,518,375
389,mainz_000001_004219_leftImg8bit,495,202,545,302
218,mainz_000001_004823_leftImg8bit,-1,-1,-1,-1
361,mainz_000001_005016_leftImg8bit,335,167,410,317
1446,mainz_000001_005163_leftImg8bit,248,195,298,295
1336,mainz_000001_005366_leftImg8bit,314,189,364,289
669,mainz_000001_005665_leftImg8bit,298,166,373,316
538,mainz_000001_005815_leftImg8bit,159,172,234,322
261,mainz_000001_005911_leftImg8bit,325,124,445,364
1488,mainz_000001_006194_leftImg8bit,299,99,419,339
145,mainz_000001_006768_leftImg8bit,229,172,304,322
1323,mainz_000001_007171_leftImg8bit,395,157,470,307
15,mainz_000001_007460_leftImg8bit,386,153,436,253
1326,mainz_000001_007595_leftImg8bit,416,129,536,369
1251,mainz_000001_007956_leftImg8bit,328,176,403,326
783,mainz_000001_008056_leftImg8bit,384,185,434,285
1085,mainz_000001_008264_leftImg8bit,347,96,467,336
1435,mainz_000001_008540_leftImg8bit,313,122,433,362
271,mainz_000001_008638_leftImg8bit,-1,-1,-1,-1
1064,mainz_000001_008771_leftImg8bit,-1,-1,-1,-1
1165,mainz_000001_009152_leftImg8bit,264,163,339,313
696,mainz_000001_009328_leftImg8bit,445,146,520,296
597,mainz_000001_009811_leftImg8bit,249,161,324,311
630,mainz_000001_009867_leftImg8bit,318,129,438,369
427,mainz_000001_009996_leftImg8bit,530,131,650,371
840,mainz_000001_010853_leftImg8bit,233,126,353,366
432,mainz_000001_011333_leftImg8bit,252,174,327,324
37,mainz_000001_011736_leftImg8bit,388,123,508,363
594,mainz_000001_011785_leftImg8bit,259,170,334,320
1473,mainz_000001_012186_leftImg8bit,411,156,486,306
12,mainz_000001_012470_leftImg8bit,353,203,403,303
434,mainz_000001_012541_leftImg8bit,344,205,394,305
1474,mainz_000001_012644_leftImg8bit,306,204,356,304
1375,mainz_000001_012950_leftImg8bit,284,184,334,284
1250,mainz_000001_013313_leftImg8bit,365,127,485,367
85,mainz_000001_014073_leftImg8bit,243,119,363,359
1412,mainz_000001_014469_leftImg8bit,100,155,175,305
521,mainz_000001_014626_leftImg8bit,229,170,304,320
1099,mainz_000001_015117_leftImg8bit,-1,-1,-1,-1
1277,mainz_000001_015235_leftImg8bit,120,116,240,356
873,mainz_000001_015508_leftImg8bit,553,105,673,345
1419,mainz_000001_015724_leftImg8bit,21,113,141,353
486,mainz_000001_016011_leftImg8bit,150,156,225,306
94,mainz_000001_016391_leftImg8bit,439,183,489,283
310,mainz_000001_016931_leftImg8bit,66,128,186,368
444,mainz_000001_017618_leftImg8bit,284,118,404,358
571,mainz_000001_017992_leftImg8bit,497,201,547,301
1461,mainz_000001_018145_leftImg8bit,321,121,441,361
1217,mainz_000001_018329_leftImg8bit,399,173,449,273
932,mainz_000001_018670_leftImg8bit,625,130,745,370
159,mainz_000001_018817_leftImg8bit,210,128,330,368
733,mainz_000001_019061_leftImg8bit,238,197,288,297
1047,mainz_000001_019286_leftImg8bit,626,124,746,364
658,mainz_000001_019593_leftImg8bit,470,168,545,318
373,mainz_000001_020068_leftImg8bit,455,150,530,300
1023,mainz_000001_020193_leftImg8bit,458,199,508,299
557,mainz_000001_020484_leftImg8bit,383,130,503,370
1011,mainz_000001_020829_leftImg8bit,361,189,411,289
994,mainz_000001_021042_leftImg8bit,338,148,413,298
1207,mainz_000001_021547_leftImg8bit,289,111,409,351
209,mainz_000001_021892_leftImg8bit,150,196,200,296
645,mainz_000001_021946_leftImg8bit,199,133,319,373
1163,mainz_000001_022125_leftImg8bit,-1,-1,-1,-1
1309,mainz_000001_022630_leftImg8bit,624,166,699,316
810,mainz_000001_023439_leftImg8bit,295,191,345,291
411,mainz_000001_023604_leftImg8bit,434,173,484,273
402,mainz_000001_024439_leftImg8bit,242,132,362,372
199,mainz_000001_024489_leftImg8bit,56,121,176,361
978,mainz_000001_024718_leftImg8bit,196,203,246,303
555,mainz_000001_025161_leftImg8bit,130,175,205,325
498,mainz_000001_025390_leftImg8bit,317,204,367,304
707,mainz_000001_025623_leftImg8bit,362,175,437,325
1507,mainz_000001_026209_leftImg8bit,447,174,522,324
923,mainz_000001_026837_leftImg8bit,89,124,209,364
981,mainz_000001_026963_leftImg8bit,256,110,376,350
758,mainz_000001_027053_leftImg8bit,305,198,355,298
922,mainz_000001_027124_leftImg8bit,274,131,394,371
335,mainz_000001_027377_leftImg8bit,294,204,344,304
1381,mainz_000001_027675_leftImg8bit,351,196,401,296
711,mainz_000001_027751_leftImg8bit,331,184,381,284
1421,mainz_000001_028111_leftImg8bit,346,165,421,315
299,mainz_000001_028326_leftImg8bit,258,190,308,290
853,mainz_000001_028566_leftImg8bit,262,109,382,349
668,mainz_000001_028847_leftImg8bit,338,100,458,340
1252,mainz_000001_029293_leftImg8bit,331,132,451,372
767,mainz_000001_029521_leftImg8bit,294,130,414,370
860,mainz_000001_029755_leftImg8bit,355,168,430,318
445,mainz_000001_029950_leftImg8bit,456,163,531,313
813,mainz_000001_030417_leftImg8bit,319,184,369,284
472,mainz_000001_030630_leftImg8bit,348,192,398,292
1289,mainz_000001_031026_leftImg8bit,-1,-1,-1,-1
1017,mainz_000001_031350_leftImg8bit,146,184,196,284
1072,mainz_000001_031697_leftImg8bit,370,175,445,325
958,mainz_000001_031946_leftImg8bit,438,111,558,351
1392,mainz_000001_032294_leftImg8bit,349,202,399,302
36,mainz_000001_032401_leftImg8bit,455,192,505,292
857,mainz_000001_032567_leftImg8bit,314,123,434,363
1464,mainz_000001_032691_leftImg8bit,313,187,363,287
937,mainz_000001_032767_leftImg8bit,309,170,384,320
824,mainz_000001_032911_leftImg8bit,506,180,581,330
736,mainz_000001_033096_leftImg8bit,244,102,364,342
1172,mainz_000001_033329_leftImg8bit,131,171,206,321
437,mainz_000001_033437_leftImg8bit,612,155,687,305
986,mainz_000001_033603_leftImg8bit,269,195,319,295
1273,mainz_000001_033756_leftImg8bit,356,176,431,326
1226,mainz_000001_034033_leftImg8bit,462,176,537,326
1313,mainz_000001_034209_leftImg8bit,250,205,300,305
752,mainz_000001_034394_leftImg8bit,381,198,431,298
1396,mainz_000001_034508_leftImg8bit,253,129,373,369
318,mainz_000001_034681_leftImg8bit,436,180,511,330
205,mainz_000001_035293_leftImg8bit,300,109,420,349
961,mainz_000001_035585_leftImg8bit,439,198,489,298
443,mainz_000001_035963_leftImg8bit,472,204,522,304
1501,mainz_000001_036115_leftImg8bit,442,175,517,325
772,mainz_000001_036240_leftImg8bit,504,192,554,292
353,mainz_000001_036412_leftImg8bit,523,175,573,275
570,mainz_000001_037170_leftImg8bit,273,176,348,326
759,mainz_000001_037411_leftImg8bit,279,155,354,305
911,mainz_000001_037532_leftImg8bit,400,176,475,326
489,mainz_000001_037736_leftImg8bit,490,205,540,305
1512,mainz_000001_037905_leftImg8bit,320,168,395,318
101,mainz_000001_038026_leftImg8bit,345,126,465,366
179,mainz_000001_038191_leftImg8bit,290,151,365,301
1475,mainz_000001_038347_leftImg8bit,370,176,420,276
1407,mainz_000001_038768_leftImg8bit,186,128,306,368
1402,mainz_000001_038955_leftImg8bit,459,178,509,278
1330,mainz_000001_039075_leftImg8bit,655,148,705,248
90,mainz_000001_039470_leftImg8bit,547,202,597,302
591,mainz_000001_039943_leftImg8bit,326,168,401,318
656,mainz_000001_040195_leftImg8bit,509,135,629,375
1427,mainz_000001_040367_leftImg8bit,352,160,427,310
366,mainz_000001_040839_leftImg8bit,351,118,471,358
935,mainz_000001_041172_leftImg8bit,290,165,365,315
984,mainz_000001_041284_leftImg8bit,538,183,588,283
715,mainz_000001_041647_leftImg8bit,522,167,597,317
291,mainz_000001_041797_leftImg8bit,370,127,490,367
488,mainz_000001_041887_leftImg8bit,545,176,620,326
301,mainz_000001_041923_leftImg8bit,511,176,586,326
644,mainz_000001_042121_leftImg8bit,247,125,367,365
617,mainz_000001_042400_leftImg8bit,466,205,516,305
819,mainz_000001_042851_leftImg8bit,350,129,470,369
528,mainz_000001_043656_leftImg8bit,169,160,244,310
334,mainz_000001_043886_leftImg8bit,66,194,116,294
1006,mainz_000001_044366_leftImg8bit,320,166,395,316
288,mainz_000001_044619_leftImg8bit,533,120,653,360
1158,mainz_000001_045197_leftImg8bit,359,104,479,344
119,mainz_000001_045385_leftImg8bit,667,179,742,329
1080,mainz_000001_045651_leftImg8bit,200,200,250,300
830,mainz_000001_045782_leftImg8bit,378,177,453,327
19,mainz_000001_046381_leftImg8bit,154,161,229,311
868,mainz_000001_046981_leftImg8bit,185,180,260,330
1409,mainz_000001_047546_leftImg8bit,248,132,368,372
1352,mainz_000001_047611_leftImg8bit,363,200,413,300
710,mainz_000001_047888_leftImg8bit,272,172,347,322
1184,mainz_000001_048725_leftImg8bit,372,190,422,290
1009,mainz_000002_000061_leftImg8bit,364,110,484,350
1232,mainz_000002_000181_leftImg8bit,442,175,492,275
637,mainz_000002_000381_leftImg8bit,371,109,491,349
973,mainz_000002_000912_leftImg8bit,276,129,396,369
784,mainz_000002_001747_leftImg8bit,368,175,418,275
1310,mainz_000002_001871_leftImg8bit,345,184,395,284
1351,mainz_000002_002279_leftImg8bit,233,131,353,371
1523,mainz_000003_000043_leftImg8bit,499,205,549,305
397,mainz_000003_000968_leftImg8bit,345,114,465,354
801,mainz_000003_001465_leftImg8bit,323,106,443,346
1105,mainz_000003_001694_leftImg8bit,362,172,437,322
122,mainz_000003_001899_leftImg8bit,641,179,716,329
516,mainz_000003_003042_leftImg8bit,51,196,101,296
768,mainz_000003_003455_leftImg8bit,189,116,309,356
660,mainz_000003_003558_leftImg8bit,371,196,421,296
1203,mainz_000003_003711_leftImg8bit,128,164,203,314
519,mainz_000003_003791_leftImg8bit,106,119,226,359
850,mainz_000003_003942_leftImg8bit,315,179,390,329
529,mainz_000003_004144_leftImg8bit,337,169,412,319
1198,mainz_000003_004228_leftImg8bit,342,102,462,342
1455,mainz_000003_004576_leftImg8bit,366,176,441,326
165,mainz_000003_004774_leftImg8bit,235,186,285,286
1063,mainz_000003_004883_leftImg8bit,647,114,767,354
1393,mainz_000003_005029_leftImg8bit,177,123,297,363
609,mainz_000003_005088_leftImg8bit,352,129,472,369
734,mainz_000003_005162_leftImg8bit,609,117,729,357
1295,mainz_000003_006478_leftImg8bit,449,127,569,367
123,mainz_000003_006863_leftImg8bit,460,192,510,292
312,mainz_000003_007024_leftImg8bit,310,135,430,375
845,mainz_000003_007144_leftImg8bit,28,122,148,362
950,mainz_000003_007255_leftImg8bit,671,204,721,304
993,mainz_000003_007701_leftImg8bit,410,201,460,301
847,mainz_000003_008258_leftImg8bit,137,166,212,316
1414,mainz_000003_008690_leftImg8bit,606,130,726,370
1493,mainz_000003_008876_leftImg8bit,654,178,729,328
454,mainz_000003_009819_leftImg8bit,226,171,301,321
44,mainz_000003_010019_leftImg8bit,442,200,492,300
181,mainz_000003_010772_leftImg8bit,5,167,80,317
1363,mainz_000003_010880_leftImg8bit,299,163,374,313
246,mainz_000003_010924_leftImg8bit,440,148,515,298
1056,mainz_000003_011182_leftImg8bit,129,199,179,299
583,mainz_000003_011352_leftImg8bit,311,126,431,366
214,mainz_000003_011949_leftImg8bit,255,204,305,304
839,mainz_000003_012168_leftImg8bit,457,186,507,286
1345,mainz_000003_012341_leftImg8bit,192,114,312,354
1395,mainz_000003_012995_leftImg8bit,599,196,649,296
1387,mainz_000003_013348_leftImg8bit,603,172,678,322
760,mainz_000003_013983_leftImg8bit,58,168,133,318
940,mainz_000003_014083_leftImg8bit,383,134,503,374
626,mainz_000003_014319_leftImg8bit,499,181,549,281
1404,mainz_000003_014457_leftImg8bit,657,174,732,324
1278,mainz_000003_014537_leftImg8bit,491,159,566,309
1465,mainz_000003_014959_leftImg8bit,676,200,726,300
1447,mainz_000003_015411_leftImg8bit,508,131,628,371
176,mainz_000003_015649_leftImg8bit,209,175,284,325
1285,mainz_000003_015917_leftImg8bit,689,176,764,326
355,mainz_000003_016360_leftImg8bit,212,134,332,374
812,mainz_000003_016542_leftImg8bit,477,133,597,373
1456,mainz_000003_016708_leftImg8bit,537,162,612,312
553,mainz_000003_016877_leftImg8bit,309,131,429,371
983,mainz_000003_017171_leftImg8bit,312,179,387,329
960,munich_000000_000019_leftImg8bit,281,204,331,304
856,munich_000001_000019_leftImg8bit,682,177,757,327
599,munich_000002_000019_leftImg8bit,205,176,280,326
1211,munich_000003_000019_leftImg8bit,348,171,398,271
1359,munich_000004_000019_leftImg8bit,218,205,268,305
1307,munich_000005_000019_leftImg8bit,263,132,383,372
1079,munich_000006_000019_leftImg8bit,277,121,397,361
1304,munich_000007_000019_leftImg8bit,239,129,359,369
651,munich_000008_000019_leftImg8bit,617,155,692,305
169,munich_000009_000019_leftImg8bit,399,128,519,368
602,munich_000010_000019_leftImg8bit,384,187,434,287
481,munich_000011_000019_leftImg8bit,420,199,470,299
1146,munich_000012_000019_leftImg8bit,387,173,462,323
230,munich_000013_000019_leftImg8bit,366,125,486,365
392,munich_000014_000019_leftImg8bit,688,199,738,299
134,munich_000015_000019_leftImg8bit,440,205,490,305
876,munich_000016_000019_leftImg8bit,384,205,434,305
1476,munich_000017_000019_leftImg8bit,364,175,439,325
1481,munich_000018_000019_leftImg8bit,392,199,442,299
762,munich_000019_000019_leftImg8bit,306,176,381,326
997,munich_000020_000019_leftImg8bit,418,195,468,295
217,munich_000021_000019_leftImg8bit,202,199,252,299
1133,munich_000022_000019_leftImg8bit,259,167,334,317
290,munich_000023_000019_leftImg8bit,303,125,423,365
235,munich_000024_000019_leftImg8bit,484,193,534,293
1357,munich_000025_000019_leftImg8bit,302,134,422,374
1386,munich_000026_000019_leftImg8bit,234,130,354,370
1441,munich_000027_000019_leftImg8bit,346,204,396,304
431,munich_000028_000019_leftImg8bit,275,135,395,375
1305,munich_000029_000019_leftImg8bit,523,120,643,360
268,munich_000030_000019_leftImg8bit,370,91,490,331
908,munich_000031_000019_leftImg8bit,323,122,443,362
1242,munich_000032_000019_leftImg8bit,336,126,456,366
1042,munich_000033_000019_leftImg8bit,442,167,517,317
894,munich_000034_000019_leftImg8bit,466,159,541,309
245,munich_000035_000019_leftImg8bit,264,195,314,295
955,munich_000036_000019_leftImg8bit,334,205,384,305
100,munich_000037_000019_leftImg8bit,317,176,392,326
740,munich_000038_000019_leftImg8bit,308,123,428,363
1075,munich_000039_000019_leftImg8bit,361,171,436,321
436,munich_000040_000019_leftImg8bit,225,134,345,374
204,munich_000041_000019_leftImg8bit,345,191,395,291
1261,munich_000042_000019_leftImg8bit,554,168,629,318
985,munich_000043_000019_leftImg8bit,451,203,501,303
643,munich_000044_000019_leftImg8bit,95,205,145,305
677,munich_000045_000019_leftImg8bit,335,194,385,294
684,munich_000046_000019_leftImg8bit,225,177,300,327
855,munich_000047_000019_leftImg8bit,37,155,112,305
156,munich_000048_000019_leftImg8bit,353,130,473,370
1341,munich_000049_000019_leftImg8bit,291,165,366,315
32,munich_000050_000019_leftImg8bit,264,183,314,283
513,munich_000051_000019_leftImg8bit,549,192,599,292
1106,munich_000052_000019_leftImg8bit,422,162,497,312
1322,munich_000053_000019_leftImg8bit,315,119,435,359
503,munich_000054_000019_leftImg8bit,388,129,508,369
546,munich_000055_000019_leftImg8bit,433,195,483,295
633,munich_000056_000019_leftImg8bit,181,135,301,375
1140,munich_000057_000019_leftImg8bit,327,135,447,375
859,munich_000058_000019_leftImg8bit,392,134,512,374
1247,munich_000059_000019_leftImg8bit,491,204,541,304
1398,munich_000060_000019_leftImg8bit,474,180,549,330
277,munich_000061_000019_leftImg8bit,289,124,409,364
685,munich_000062_000019_leftImg8bit,179,127,299,367
808,munich_000063_000019_leftImg8bit,261,176,336,326
296,munich_000064_000019_leftImg8bit,318,180,393,330
561,munich_000065_000019_leftImg8bit,376,182,426,282
1410,munich_000066_000019_leftImg8bit,344,169,419,319
372,munich_000067_000019_leftImg8bit,398,134,518,374
1383,munich_000068_000019_leftImg8bit,439,163,514,313
1367,munich_000069_000019_leftImg8bit,144,205,194,305
841,munich_000070_000019_leftImg8bit,473,135,593,375
1014,munich_000071_000019_leftImg8bit,260,202,310,302
1269,munich_000072_000019_leftImg8bit,310,126,430,366
89,munich_000073_000019_leftImg8bit,322,127,442,367
1342,munich_000074_000019_leftImg8bit,439,180,514,330
1244,munich_000075_000019_leftImg8bit,239,116,359,356
1503,munich_000076_000019_leftImg8bit,716,203,766,303
1043,munich_000077_000019_leftImg8bit,311,164,386,314
426,munich_000078_000019_leftImg8bit,253,205,303,305
347,munich_000079_000019_leftImg8bit,9,205,59,305
737,munich_000080_000019_leftImg8bit,665,204,715,304
1066,munich_000081_000019_leftImg8bit,298,114,418,354
881,munich_000082_000019_leftImg8bit,313,125,433,365
1005,munich_000083_000019_leftImg8bit,242,124,362,364
425,munich_000084_000019_leftImg8bit,-1,-1,-1,-1
1077,munich_000085_000019_leftImg8bit,-1,-1,-1,-1
527,munich_000086_000019_leftImg8bit,350,133,470,373
1371,munich_000087_000019_leftImg8bit,331,175,406,325
358,munich_000088_000019_leftImg8bit,255,197,305,297
251,munich_000089_000019_leftImg8bit,16,180,91,330
14,munich_000090_000019_leftImg8bit,27,205,77,305
59,munich_000091_000019_leftImg8bit,-1,-1,-1,-1
234,munich_000092_000019_leftImg8bit,282,168,357,318
1036,munich_000093_000019_leftImg8bit,374,194,424,294
114,munich_000094_000019_leftImg8bit,388,195,438,295
689,munich_000095_000019_leftImg8bit,442,149,517,299
836,munich_000096_000019_leftImg8bit,288,192,338,292
1502,munich_000097_000019_leftImg8bit,109,204,159,304
991,munich_000098_000019_leftImg8bit,324,203,374,303
87,munich_000099_000019_leftImg8bit,222,172,297,322
1148,munich_000100_000019_leftImg8bit,371,205,421,305
1137,munich_000101_000019_leftImg8bit,200,203,250,303
1073,munich_000102_000019_leftImg8bit,367,128,487,368
811,munich_000103_000019_leftImg8bit,513,201,563,301
1132,munich_000104_000019_leftImg8bit,242,196,292,296
180,munich_000105_000019_leftImg8bit,435,133,555,373
1362,munich_000106_000019_leftImg8bit,455,104,575,344
284,munich_000107_000019_leftImg8bit,293,178,368,328
901,munich_000108_000019_leftImg8bit,607,176,682,326
404,munich_000109_000019_leftImg8bit,-1,-1,-1,-1
1180,munich_000110_000019_leftImg8bit,393,201,443,301
1126,munich_000111_000019_leftImg8bit,2,203,52,303
1141,munich_000112_000019_leftImg8bit,358,119,478,359
1486,munich_000113_000019_leftImg8bit,380,132,500,372
1365,munich_000114_000019_leftImg8bit,308,198,358,298
1202,munich_000115_000019_leftImg8bit,640,174,715,324
698,munich_000116_000019_leftImg8bit,179,205,229,305
350,munich_000117_000019_leftImg8bit,125,180,200,330
1291,munich_000118_000019_leftImg8bit,371,128,491,368
478,munich_000119_000019_leftImg8bit,103,194,153,294
189,munich_000120_000019_leftImg8bit,101,131,221,371
215,munich_000121_000019_leftImg8bit,348,120,468,360
24,munich_000122_000019_leftImg8bit,361,176,436,326
82,munich_000123_000019_leftImg8bit,281,132,401,372
1235,munich_000124_000019_leftImg8bit,356,110,476,350
1120,munich_000125_000019_leftImg8bit,359,176,434,326
282,munich_000126_000019_leftImg8bit,265,203,315,303
332,munich_000127_000019_leftImg8bit,327,204,377,304
1343,munich_000128_000019_leftImg8bit,409,114,529,354
4,munich_000129_000019_leftImg8bit,257,111,377,351
1408,munich_000130_000019_leftImg8bit,336,186,386,286
105,munich_000131_000019_leftImg8bit,495,132,615,372
338,munich_000132_000019_leftImg8bit,231,135,351,375
523,munich_000133_000019_leftImg8bit,419,131,539,371
202,munich_000134_000019_leftImg8bit,584,203,634,303
400,munich_000135_000019_leftImg8bit,310,161,385,311
959,munich_000136_000019_leftImg8bit,421,169,496,319
35,munich_000137_000019_leftImg8bit,646,196,696,296
930,munich_000138_000019_leftImg8bit,303,132,423,372
1300,munich_000139_000019_leftImg8bit,336,128,456,368
1027,munich_000140_000019_leftImg8bit,263,135,383,375
852,munich_000141_000019_leftImg8bit,-1,-1,-1,-1
806,munich_000142_000019_leftImg8bit,261,195,311,295
776,munich_000143_000019_leftImg8bit,422,193,472,293
441,munich_000144_000019_leftImg8bit,190,176,265,326
1022,munich_000145_000019_leftImg8bit,475,176,550,326
636,munich_000146_000019_leftImg8bit,297,180,372,330
1422,munich_000147_000019_leftImg8bit,-1,-1,-1,-1
670,munich_000148_000019_leftImg8bit,359,199,409,299
1495,munich_000149_000019_leftImg8bit,431,168,506,318
502,munich_000150_000019_leftImg8bit,391,175,466,325
229,munich_000151_000019_leftImg8bit,317,204,367,304
1028,munich_000152_000019_leftImg8bit,-1,-1,-1,-1
17,munich_000153_000019_leftImg8bit,327,125,447,365
1170,munich_000154_000019_leftImg8bit,251,131,371,371
1283,munich_000155_000019_leftImg8bit,305,204,355,304
1016,munich_000156_000019_leftImg8bit,270,131,390,371
1012,munich_000157_000019_leftImg8bit,206,165,281,315
203,munich_000158_000019_leftImg8bit,463,195,513,295
946,munich_000159_000019_leftImg8bit,293,123,413,363
474,munich_000160_000019_leftImg8bit,371,166,446,316
439,munich_000161_000019_leftImg8bit,312,194,362,294
339,munich_000162_000019_leftImg8bit,300,205,350,305
396,munich_000163_000019_leftImg8bit,489,167,564,317
88,munich_000164_000019_leftImg8bit,421,135,541,375
28,munich_000165_000019_leftImg8bit,353,129,473,369
463,munich_000166_000019_leftImg8bit,97,202,147,302
46,munich_000167_000019_leftImg8bit,417,180,492,330
1312,munich_000168_000019_leftImg8bit,399,177,474,327
1245,munich_000169_000019_leftImg8bit,494,133,614,373
485,munich_000170_000019_leftImg8bit,158,178,233,328
1354,munich_000171_000019_leftImg8bit,-1,-1,-1,-1
308,munich_000172_000019_leftImg8bit,306,135,426,375
64,munich_000173_000019_leftImg8bit,-1,-1,-1,-1
657,munich_000174_000019_leftImg8bit,250,173,325,323
884,munich_000175_000019_leftImg8bit,361,121,481,361
1119,munich_000176_000019_leftImg8bit,457,174,532,324
828,munich_000177_000019_leftImg8bit,469,167,544,317
40,munich_000178_000019_leftImg8bit,271,112,391,352
618,munich_000179_000019_leftImg8bit,226,203,276,303
374,munich_000180_000019_leftImg8bit,157,129,277,369
470,munich_000181_000019_leftImg8bit,428,177,478,277
1450,munich_000182_000019_leftImg8bit,513,196,563,296
136,munich_000183_000019_leftImg8bit,404,131,524,371
110,munich_000184_000019_leftImg8bit,403,127,523,367
269,munich_000185_000019_leftImg8bit,365,195,415,295
446,munich_000186_000019_leftImg8bit,503,205,553,305
522,munich_000187_000019_leftImg8bit,-1,-1,-1,-1
231,munich_000188_000019_leftImg8bit,115,135,235,375
769,munich_000189_000019_leftImg8bit,465,180,540,330
1008,munich_000190_000019_leftImg8bit,-1,-1,-1,-1
34,munich_000191_000019_leftImg8bit,-1,-1,-1,-1
1405,munich_000192_000019_leftImg8bit,341,129,461,369
992,munich_000193_000019_leftImg8bit,-1,-1,-1,-1
1090,munich_000194_000019_leftImg8bit,218,199,268,299
1111,munich_000195_000019_leftImg8bit,143,176,218,326
1176,munich_000196_000019_leftImg8bit,14,123,134,363
62,munich_000197_000019_leftImg8bit,280,197,330,297
612,munich_000198_000019_leftImg8bit,249,127,369,367
192,munich_000199_000019_leftImg8bit,177,133,297,373
1460,munich_000200_000019_leftImg8bit,232,175,307,325
792,munich_000201_000019_leftImg8bit,472,204,522,304
756,munich_000202_000019_leftImg8bit,330,194,380,294
1068,munich_000203_000019_leftImg8bit,494,193,544,293
1370,munich_000204_000019_leftImg8bit,450,192,500,292
186,munich_000205_000019_leftImg8bit,350,178,425,328
931,munich_000206_000019_leftImg8bit,378,180,453,330
304,munich_000207_000019_leftImg8bit,544,164,619,314
1025,munich_000208_000019_leftImg8bit,430,190,480,290
1360,munich_000209_000019_leftImg8bit,505,180,580,330
988,munich_000210_000019_leftImg8bit,-1,-1,-1,-1
340,munich_000211_000019_leftImg8bit,-1,-1,-1,-1
632,munich_000212_000019_leftImg8bit,-1,-1,-1,-1
219,munich_000213_000019_leftImg8bit,-1,-1,-1,-1
29,munich_000214_000019_leftImg8bit,439,160,514,310
751,munich_000215_000019_leftImg8bit,353,195,403,295
1350,munich_000216_000019_leftImg8bit,364,176,439,326
418,munich_000217_000019_leftImg8bit,384,190,434,290
295,munich_000218_000019_leftImg8bit,406,176,456,276
1058,munich_000219_000019_leftImg8bit,-1,-1,-1,-1
870,munich_000220_000019_leftImg8bit,-1,-1,-1,-1
487,munich_000221_000019_leftImg8bit,-1,-1,-1,-1
96,munich_000222_000019_leftImg8bit,-1,-1,-1,-1
1263,munich_000223_000019_leftImg8bit,-1,-1,-1,-1
558,munich_000224_000019_leftImg8bit,-1,-1,-1,-1
190,munich_000225_000019_leftImg8bit,360,189,410,289
494,munich_000226_000019_leftImg8bit,295,148,370,298
48,munich_000227_000019_leftImg8bit,78,122,198,362
802,munich_000228_000019_leftImg8bit,223,180,273,280
1297,munich_000229_000019_leftImg8bit,248,195,298,295
925,munich_000230_000019_leftImg8bit,6,172,81,322
652,munich_000231_000019_leftImg8bit,232,168,307,318
111,munich_000232_000019_leftImg8bit,637,131,757,371
1376,munich_000233_000019_leftImg8bit,423,168,498,318
889,munich_000234_000019_leftImg8bit,11,187,61,287
1287,munich_000235_000019_leftImg8bit,287,177,362,327
1279,munich_000236_000019_leftImg8bit,632,173,707,323
815,munich_000237_000019_leftImg8bit,194,174,269,324
1143,munich_000238_000019_leftImg8bit,325,180,400,330
1092,munich_000239_000019_leftImg8bit,403,132,523,372
1319,munich_000240_000019_leftImg8bit,430,201,480,301
394,munich_000241_000019_leftImg8bit,12,180,87,330
1103,munich_000242_000019_leftImg8bit,-1,-1,-1,-1
1366,munich_000243_000019_leftImg8bit,349,174,424,324
655,munich_000244_000019_leftImg8bit,282,180,357,330
74,munich_000245_000019_leftImg8bit,311,203,361,303
948,munich_000246_000019_leftImg8bit,433,134,553,374
1150,munich_000247_000019_leftImg8bit,293,178,368,328
1445,munich_000248_000019_leftImg8bit,1,133,121,373
104,munich_000249_000019_leftImg8bit,260,205,310,305
1208,munich_000250_000019_leftImg8bit,275,203,325,303
274,munich_000251_000019_leftImg8bit,218,202,268,302
589,munich_000252_000019_leftImg8bit,385,202,435,302
23,munich_000253_000019_leftImg8bit,59,162,134,312
631,munich_000254_000019_leftImg8bit,128,180,203,330
1483,munich_000255_000019_leftImg8bit,153,200,203,300
1327,munich_000256_000019_leftImg8bit,350,202,400,302
9,munich_000257_000019_leftImg8bit,534,180,609,330
675,munich_000258_000019_leftImg8bit,162,123,282,363
616,munich_000259_000019_leftImg8bit,396,123,516,363
1458,munich_000260_000019_leftImg8bit,424,180,474,280
1221,munich_000261_000019_leftImg8bit,351,125,471,365
363,munich_000262_000019_leftImg8bit,293,126,413,366
987,munich_000263_000019_leftImg8bit,222,203,272,303
1324,munich_000264_000019_leftImg8bit,-1,-1,-1,-1
1485,munich_000265_000019_leftImg8bit,521,203,571,303
586,munich_000266_000019_leftImg8bit,296,204,346,304
722,munich_000267_000019_leftImg8bit,347,124,467,364
1128,munich_000268_000019_leftImg8bit,408,132,528,372
690,munich_000269_000019_leftImg8bit,350,178,425,328
106,munich_000270_000019_leftImg8bit,581,205,631,305
1514,munich_000271_000019_leftImg8bit,432,115,552,355
480,munich_000272_000019_leftImg8bit,216,129,336,369
1415,munich_000273_000019_leftImg8bit,458,110,578,350
943,munich_000274_000019_leftImg8bit,584,121,704,361
115,munich_000275_000019_leftImg8bit,96,197,146,297
453,munich_000276_000019_leftImg8bit,319,205,369,305
650,munich_000277_000019_leftImg8bit,159,135,279,375
1480,munich_000278_000019_leftImg8bit,401,204,451,304
1390,munich_000279_000019_leftImg8bit,384,195,434,295
671,munich_000280_000019_leftImg8bit,32,108,152,348
1517,munich_000281_000019_leftImg8bit,435,205,485,305
916,munich_000282_000019_leftImg8bit,192,174,267,324
641,munich_000283_000019_leftImg8bit,285,133,405,373
412,munich_000284_000019_leftImg8bit,370,196,420,296
1498,munich_000285_000019_leftImg8bit,315,184,365,284
272,munich_000286_000019_leftImg8bit,409,134,529,374
164,munich_000287_000019_leftImg8bit,514,132,634,372
1093,munich_000288_000019_leftImg8bit,394,197,444,297
533,munich_000289_000019_leftImg8bit,319,130,439,370
1249,munich_000290_000019_leftImg8bit,316,179,391,329
936,munich_000291_000019_leftImg8bit,451,201,501,301
1292,munich_000292_000019_leftImg8bit,-1,-1,-1,-1
898,munich_000293_000019_leftImg8bit,291,163,366,313
585,munich_000294_000019_leftImg8bit,-1,-1,-1,-1
515,munich_000295_000019_leftImg8bit,342,161,417,311
305,munich_000296_000019_leftImg8bit,322,123,442,363
1195,munich_000297_000019_leftImg8bit,415,197,465,297
700,munich_000298_000019_leftImg8bit,363,204,413,304
694,munich_000299_000019_leftImg8bit,274,130,394,370
979,munich_000300_000019_leftImg8bit,353,192,403,292
1358,munich_000301_000019_leftImg8bit,222,179,297,329
1321,munich_000302_000019_leftImg8bit,-1,-1,-1,-1
765,munich_000303_000019_leftImg8bit,348,204,398,304
552,munich_000304_000019_leftImg8bit,359,131,479,371
781,munich_000305_000019_leftImg8bit,317,128,437,368
263,munich_000306_000019_leftImg8bit,373,202,423,302
1260,munich_000307_000019_leftImg8bit,328,127,448,367
544,munich_000308_000019_leftImg8bit,345,129,465,369
512,munich_000309_000019_leftImg8bit,-1,-1,-1,-1
1284,munich_000310_000019_leftImg8bit,358,202,408,302
748,munich_000311_000019_leftImg8bit,192,201,242,301
933,munich_000312_000019_leftImg8bit,151,204,201,304
1162,munich_000313_000019_leftImg8bit,-1,-1,-1,-1
248,munich_000314_000019_leftImg8bit,397,202,447,302
504,munich_000315_000019_leftImg8bit,-1,-1,-1,-1
50,munich_000316_000019_leftImg8bit,693,205,743,305
469,munich_000317_000019_leftImg8bit,440,195,490,295
1057,munich_000318_000019_leftImg8bit,269,125,389,365
524,munich_000319_000019_leftImg8bit,258,121,378,361
1254,munich_000320_000019_leftImg8bit,396,170,471,320
393,munich_000321_000019_leftImg8bit,228,165,303,315
1298,munich_000322_000019_leftImg8bit,305,118,425,358
384,munich_000323_000019_leftImg8bit,383,131,503,371
1034,munich_000324_000019_leftImg8bit,251,203,301,303
926,munich_000325_000019_leftImg8bit,403,123,523,363
1385,munich_000326_000019_leftImg8bit,325,131,445,371
239,munich_000327_000019_leftImg8bit,397,202,447,302
456,munich_000328_000019_leftImg8bit,-1,-1,-1,-1
360,munich_000329_000019_leftImg8bit,430,205,480,305
1467,munich_000330_000019_leftImg8bit,354,185,404,285
270,munich_000331_000019_leftImg8bit,619,135,739,375
346,munich_000332_000019_leftImg8bit,-1,-1,-1,-1
1389,munich_000333_000019_leftImg8bit,665,201,715,301
1096,munich_000334_000019_leftImg8bit,279,132,399,372
141,munich_000335_000019_leftImg8bit,202,167,277,317
1340,munich_000336_000019_leftImg8bit,470,193,520,293
1037,munich_000337_000019_leftImg8bit,459,193,509,293
1431,munich_000338_000019_leftImg8bit,173,179,248,329
854,munich_000339_000019_leftImg8bit,343,188,393,288
823,munich_000340_000019_leftImg8bit,331,192,381,292
198,munich_000341_000019_leftImg8bit,217,203,267,303
913,munich_000342_000019_leftImg8bit,301,135,421,375
430,munich_000343_000019_leftImg8bit,582,176,657,326
796,munich_000344_000019_leftImg8bit,374,198,424,298
491,munich_000345_000019_leftImg8bit,341,163,416,313
851,munich_000346_000019_leftImg8bit,391,130,511,370
1513,munich_000347_000019_leftImg8bit,646,118,766,358
1127,munich_000348_000019_leftImg8bit,-1,-1,-1,-1
1112,munich_000349_000019_leftImg8bit,258,182,308,282
1045,munich_000350_000019_leftImg8bit,410,202,460,302
410,munich_000351_000019_leftImg8bit,299,202,349,302
719,munich_000352_000019_leftImg8bit,400,204,450,304
379,munich_000353_000019_leftImg8bit,408,199,458,299
896,munich_000354_000019_leftImg8bit,346,194,396,294
381,munich_000355_000019_leftImg8bit,622,194,672,294
1334,munich_000356_000019_leftImg8bit,300,180,375,330
575,munich_000357_000019_leftImg8bit,396,202,446,302
408,munich_000358_000019_leftImg8bit,240,127,360,367
187,munich_000359_000019_leftImg8bit,343,120,463,360
969,munich_000360_000019_leftImg8bit,29,205,79,305
278,munich_000361_000019_leftImg8bit,233,173,308,323
1492,munich_000362_000019_leftImg8bit,236,131,356,371
787,munich_000363_000019_leftImg8bit,301,200,351,300
565,munich_000364_000019_leftImg8bit,402,175,477,325
1428,munich_000365_000019_leftImg8bit,629,201,679,301
255,munich_000366_000019_leftImg8bit,449,195,499,295
1519,munich_000367_000019_leftImg8bit,421,205,471,305
467,munich_000368_000019_leftImg8bit,360,199,410,299
858,munich_000369_000019_leftImg8bit,447,170,522,320
1439,munich_000370_000019_leftImg8bit,597,135,717,375
1231,munich_000371_000019_leftImg8bit,397,166,472,316
972,munich_000372_000019_leftImg8bit,361,134,481,374
1436,munich_000373_000019_leftImg8bit,308,197,358,297
283,munich_000374_000019_leftImg8bit,626,179,701,329
369,munich_000375_000019_leftImg8bit,292,165,367,315
1301,munich_000376_000019_leftImg8bit,399,135,519,375
92,munich_000377_000019_leftImg8bit,335,199,385,299
154,munich_000378_000019_leftImg8bit,310,201,360,301
1433,munich_000379_000019_leftImg8bit,274,204,324,304
1169,munich_000380_000019_leftImg8bit,395,120,515,360
1280,munich_000381_000019_leftImg8bit,421,200,471,300
843,munich_000382_000019_leftImg8bit,288,135,408,375
661,munich_000383_000019_leftImg8bit,322,115,442,355
827,munich_000384_000019_leftImg8bit,306,200,356,300
1296,munich_000385_000019_leftImg8bit,644,197,694,297
140,munich_000386_000019_leftImg8bit,440,197,490,297
976,munich_000387_000019_leftImg8bit,387,128,507,368
1124,munich_000388_000019_leftImg8bit,414,199,464,299
307,munich_000389_000019_leftImg8bit,213,205,263,305
1089,munich_000390_000019_leftImg8bit,404,130,524,370
380,munich_000391_000019_leftImg8bit,445,198,495,298
701,munich_000392_000019_leftImg8bit,359,134,479,374
216,munich_000393_000019_leftImg8bit,373,183,423,283
317,munich_000394_000019_leftImg8bit,443,200,493,300
735,munich_000395_000019_leftImg8bit,479,149,554,299
1142,munich_000396_000019_leftImg8bit,339,180,414,330
1193,munich_000397_000019_leftImg8bit,374,131,494,371
