,Unnamed: 0,Filename,age_gt,gender_gt,skin-color_gt,shirt-color_gt,action_gt
0,612,berlin_000000_000019_leftImg8bit,0,0,0,3,1
1,251,berlin_000001_000019_leftImg8bit,1,0,0,2,0
2,389,berlin_000002_000019_leftImg8bit,0,0,1,2,1
3,116,berlin_000003_000019_leftImg8bit,0,1,0,4,0
4,747,berlin_000004_000019_leftImg8bit,0,0,1,4,0
5,529,berlin_000005_000019_leftImg8bit,1,1,0,4,1
6,1417,berlin_000006_000019_leftImg8bit,1,0,0,3,1
7,1126,berlin_000007_000019_leftImg8bit,0,1,0,4,0
8,1046,berlin_000008_000019_leftImg8bit,0,0,1,2,0
9,853,berlin_000009_000019_leftImg8bit,1,0,0,4,0
10,988,berlin_000010_000019_leftImg8bit,1,1,0,1,1
11,584,berlin_000011_000019_leftImg8bit,1,0,1,1,0
12,448,berlin_000012_000019_leftImg8bit,0,0,0,6,0
13,100,berlin_000013_000019_leftImg8bit,1,0,1,5,0
14,521,berlin_000014_000019_leftImg8bit,1,0,1,2,0
15,186,berlin_000015_000019_leftImg8bit,0,1,0,6,1
16,1106,berlin_000016_000019_leftImg8bit,0,0,0,3,1
17,519,berlin_000017_000019_leftImg8bit,0,0,0,4,1
18,1199,berlin_000018_000019_leftImg8bit,0,1,0,1,1
19,380,berlin_000019_000019_leftImg8bit,1,0,1,3,1
20,1168,berlin_000020_000019_leftImg8bit,0,0,0,2,1
21,492,berlin_000022_000019_leftImg8bit,1,0,1,6,0
22,778,berlin_000023_000019_leftImg8bit,1,0,0,6,1
23,996,berlin_000024_000019_leftImg8bit,0,0,0,2,0
24,488,berlin_000025_000019_leftImg8bit,1,1,1,2,1
25,547,berlin_000026_000019_leftImg8bit,1,1,0,4,0
26,1081,berlin_000027_000019_leftImg8bit,1,0,1,5,0
27,639,berlin_000028_000019_leftImg8bit,0,0,0,6,1
28,1296,berlin_000029_000019_leftImg8bit,1,0,0,4,0
29,761,berlin_000030_000019_leftImg8bit,0,1,0,2,0
30,318,berlin_000031_000019_leftImg8bit,0,1,1,6,1
31,906,berlin_000032_000019_leftImg8bit,0,1,1,0,1
32,757,berlin_000033_000019_leftImg8bit,0,0,0,1,0
33,233,berlin_000034_000019_leftImg8bit,1,0,0,1,0
34,122,berlin_000035_000019_leftImg8bit,0,1,0,6,0
35,1240,berlin_000037_000019_leftImg8bit,1,1,0,6,1
36,846,berlin_000039_000019_leftImg8bit,1,1,1,1,0
37,480,berlin_000040_000019_leftImg8bit,1,0,0,5,0
38,483,berlin_000041_000019_leftImg8bit,1,1,0,2,1
39,719,berlin_000042_000019_leftImg8bit,1,1,0,2,1
40,1303,berlin_000043_000019_leftImg8bit,0,0,0,2,0
41,1053,berlin_000044_000019_leftImg8bit,1,0,0,2,1
42,1040,berlin_000045_000019_leftImg8bit,1,1,0,6,0
43,1353,berlin_000047_000019_leftImg8bit,0,1,0,3,1
44,668,berlin_000048_000019_leftImg8bit,1,0,1,4,1
45,1044,berlin_000049_000019_leftImg8bit,1,0,1,3,0
46,654,berlin_000050_000019_leftImg8bit,1,1,1,5,0
47,1286,berlin_000051_000019_leftImg8bit,0,0,1,1,1
48,239,berlin_000052_000019_leftImg8bit,0,1,0,2,0
49,1194,berlin_000053_000019_leftImg8bit,1,0,1,0,1
50,1364,berlin_000054_000019_leftImg8bit,0,0,0,6,0
51,0,berlin_000055_000019_leftImg8bit,0,0,1,4,1
52,637,berlin_000056_000019_leftImg8bit,1,1,0,1,0
53,1283,berlin_000057_000019_leftImg8bit,1,1,1,2,0
54,1264,berlin_000058_000019_leftImg8bit,1,0,1,2,0
55,1069,berlin_000059_000019_leftImg8bit,0,0,1,1,0
56,153,berlin_000060_000019_leftImg8bit,1,1,0,2,0
57,625,berlin_000062_000019_leftImg8bit,1,1,1,0,1
58,1204,berlin_000063_000019_leftImg8bit,0,0,1,2,0
59,357,berlin_000064_000019_leftImg8bit,1,1,1,4,1
60,505,berlin_000065_000019_leftImg8bit,1,0,1,2,1
61,1073,berlin_000067_000019_leftImg8bit,0,1,0,3,0
62,232,berlin_000068_000019_leftImg8bit,1,0,0,0,0
63,1086,berlin_000069_000019_leftImg8bit,0,0,1,0,0
64,208,berlin_000070_000019_leftImg8bit,0,0,1,0,1
65,728,berlin_000071_000019_leftImg8bit,1,1,0,1,0
66,159,berlin_000072_000019_leftImg8bit,0,0,1,5,0
67,1288,berlin_000073_000019_leftImg8bit,1,1,1,4,0
68,999,berlin_000074_000019_leftImg8bit,0,1,1,6,1
69,1105,berlin_000075_000019_leftImg8bit,1,0,1,2,1
70,708,berlin_000076_000019_leftImg8bit,1,1,0,5,0
71,216,berlin_000078_000019_leftImg8bit,1,1,0,3,0
72,830,berlin_000080_000019_leftImg8bit,0,1,0,5,1
73,1302,berlin_000081_000019_leftImg8bit,1,1,0,0,1
74,887,berlin_000082_000019_leftImg8bit,0,0,1,0,0
75,351,berlin_000083_000019_leftImg8bit,0,0,0,5,1
76,826,berlin_000084_000019_leftImg8bit,1,1,1,3,1
77,290,berlin_000086_000019_leftImg8bit,1,0,1,2,1
78,371,berlin_000087_000019_leftImg8bit,1,0,1,4,0
79,339,berlin_000088_000019_leftImg8bit,1,0,1,2,1
80,690,berlin_000089_000019_leftImg8bit,0,0,0,3,1
81,112,berlin_000090_000019_leftImg8bit,1,0,1,3,0
82,711,berlin_000091_000019_leftImg8bit,1,0,1,5,0
83,993,berlin_000092_000019_leftImg8bit,1,1,1,2,0
84,404,berlin_000093_000019_leftImg8bit,0,0,0,0,1
85,236,berlin_000094_000019_leftImg8bit,1,1,1,4,0
86,957,berlin_000095_000019_leftImg8bit,0,0,0,6,0
87,1344,berlin_000096_000019_leftImg8bit,1,0,1,6,1
88,1424,berlin_000097_000019_leftImg8bit,0,0,1,3,1
89,684,berlin_000098_000019_leftImg8bit,1,0,1,5,0
90,1229,berlin_000099_000019_leftImg8bit,1,1,1,1,1
91,164,berlin_000100_000019_leftImg8bit,1,0,1,1,0
92,249,berlin_000101_000019_leftImg8bit,1,1,0,6,1
93,762,berlin_000102_000019_leftImg8bit,0,1,1,6,0
94,1195,berlin_000103_000019_leftImg8bit,1,1,1,6,1
95,63,berlin_000104_000019_leftImg8bit,0,0,0,3,1
96,1298,berlin_000105_000019_leftImg8bit,1,0,0,3,1
97,123,berlin_000106_000019_leftImg8bit,1,1,1,0,1
98,73,berlin_000107_000019_leftImg8bit,0,0,0,2,0
99,634,berlin_000108_000019_leftImg8bit,1,0,0,2,1
100,925,berlin_000109_000019_leftImg8bit,1,1,1,6,1
101,449,berlin_000110_000019_leftImg8bit,0,1,0,2,1
102,478,berlin_000111_000019_leftImg8bit,1,1,1,2,1
103,786,berlin_000112_000019_leftImg8bit,0,1,0,5,0
104,1166,berlin_000113_000019_leftImg8bit,0,0,1,6,1
105,573,berlin_000114_000019_leftImg8bit,0,0,1,1,0
106,447,berlin_000115_000019_leftImg8bit,0,1,0,4,0
107,138,berlin_000116_000019_leftImg8bit,1,0,1,2,0
108,787,berlin_000117_000019_leftImg8bit,1,1,0,6,0
109,1014,berlin_000118_000019_leftImg8bit,1,1,0,1,1
110,931,berlin_000119_000019_leftImg8bit,0,1,0,2,0
111,56,berlin_000121_000019_leftImg8bit,1,1,1,4,1
112,551,berlin_000122_000019_leftImg8bit,1,0,1,2,0
113,48,berlin_000123_000019_leftImg8bit,0,1,1,6,0
114,476,berlin_000124_000019_leftImg8bit,1,0,0,2,1
115,748,berlin_000125_000019_leftImg8bit,0,1,0,6,0
116,194,berlin_000126_000019_leftImg8bit,0,0,1,0,0
117,905,berlin_000127_000019_leftImg8bit,0,1,0,4,0
118,1162,berlin_000128_000019_leftImg8bit,1,0,0,5,1
119,1178,berlin_000129_000019_leftImg8bit,0,1,0,4,1
120,424,berlin_000130_000019_leftImg8bit,1,0,1,5,1
121,616,berlin_000131_000019_leftImg8bit,0,1,0,6,1
122,618,berlin_000132_000019_leftImg8bit,0,0,1,2,1
123,1400,berlin_000133_000019_leftImg8bit,1,1,1,1,1
124,200,berlin_000134_000019_leftImg8bit,0,0,1,4,0
125,1420,berlin_000135_000019_leftImg8bit,1,1,0,1,0
126,664,berlin_000136_000019_leftImg8bit,0,0,0,0,1
127,597,berlin_000137_000019_leftImg8bit,0,0,0,6,1
128,1018,berlin_000139_000019_leftImg8bit,1,1,1,0,1
129,607,berlin_000140_000019_leftImg8bit,0,1,1,6,0
130,1386,berlin_000141_000019_leftImg8bit,0,0,0,0,0
131,456,berlin_000142_000019_leftImg8bit,0,0,0,5,0
132,368,berlin_000143_000019_leftImg8bit,1,0,1,6,0
133,4,berlin_000144_000019_leftImg8bit,1,0,1,4,1
134,93,berlin_000145_000019_leftImg8bit,1,1,1,4,0
135,1101,berlin_000146_000019_leftImg8bit,1,1,0,2,0
136,179,berlin_000147_000019_leftImg8bit,0,1,1,2,0
137,1313,berlin_000148_000019_leftImg8bit,1,0,0,0,0
138,1085,berlin_000149_000019_leftImg8bit,1,0,1,0,1
139,928,berlin_000150_000019_leftImg8bit,1,0,0,5,0
140,409,berlin_000151_000019_leftImg8bit,1,1,1,2,0
141,790,berlin_000152_000019_leftImg8bit,0,1,1,4,1
142,984,berlin_000153_000019_leftImg8bit,0,0,0,3,1
143,620,berlin_000154_000019_leftImg8bit,0,1,1,3,1
144,61,berlin_000155_000019_leftImg8bit,1,0,0,6,1
145,698,berlin_000156_000019_leftImg8bit,0,1,0,2,0
146,452,berlin_000157_000019_leftImg8bit,1,1,0,5,0
147,147,berlin_000158_000019_leftImg8bit,0,0,0,3,0
148,468,berlin_000159_000019_leftImg8bit,1,0,0,5,1
149,1370,berlin_000160_000019_leftImg8bit,1,1,1,1,0
150,1292,berlin_000161_000019_leftImg8bit,1,1,0,1,1
151,918,berlin_000162_000019_leftImg8bit,1,1,0,5,0
152,1140,berlin_000163_000019_leftImg8bit,0,0,0,5,0
153,1049,berlin_000164_000019_leftImg8bit,1,1,0,0,1
154,288,berlin_000165_000019_leftImg8bit,1,0,0,0,0
155,134,berlin_000166_000019_leftImg8bit,0,0,1,1,0
156,1301,berlin_000167_000019_leftImg8bit,1,0,1,6,1
157,412,berlin_000168_000019_leftImg8bit,0,0,1,4,0
158,1146,berlin_000169_000019_leftImg8bit,1,1,0,1,1
159,1228,berlin_000170_000019_leftImg8bit,1,1,1,6,1
160,646,berlin_000171_000019_leftImg8bit,0,1,0,1,1
161,572,berlin_000172_000019_leftImg8bit,1,0,0,1,0
162,802,berlin_000174_000019_leftImg8bit,0,1,1,2,1
163,1246,berlin_000175_000019_leftImg8bit,1,0,0,4,1
164,649,berlin_000176_000019_leftImg8bit,0,0,0,4,0
165,1230,berlin_000177_000019_leftImg8bit,1,0,0,5,0
166,555,berlin_000178_000019_leftImg8bit,1,0,1,1,1
167,1114,berlin_000179_000019_leftImg8bit,1,0,0,6,1
168,647,berlin_000180_000019_leftImg8bit,0,1,1,4,1
169,1356,berlin_000181_000019_leftImg8bit,1,1,0,0,1
170,870,berlin_000182_000019_leftImg8bit,1,1,1,6,0
171,372,berlin_000183_000019_leftImg8bit,0,1,0,1,1
172,398,berlin_000184_000019_leftImg8bit,0,1,1,0,1
173,1153,berlin_000185_000019_leftImg8bit,1,1,1,4,1
174,312,berlin_000186_000019_leftImg8bit,1,0,1,0,0
175,415,berlin_000187_000019_leftImg8bit,1,1,0,2,1
176,361,berlin_000188_000019_leftImg8bit,1,1,0,6,1
177,1272,berlin_000189_000019_leftImg8bit,0,1,0,5,0
178,1035,berlin_000190_000019_leftImg8bit,0,1,1,6,1
179,1409,berlin_000191_000019_leftImg8bit,1,1,1,1,0
180,908,berlin_000192_000019_leftImg8bit,1,1,0,4,1
181,681,berlin_000193_000019_leftImg8bit,0,1,0,2,1
182,686,berlin_000194_000019_leftImg8bit,0,1,0,6,0
183,834,berlin_000195_000019_leftImg8bit,1,1,0,2,0
184,1366,berlin_000196_000019_leftImg8bit,0,0,0,0,0
185,174,berlin_000197_000019_leftImg8bit,1,1,1,5,0
186,633,berlin_000198_000019_leftImg8bit,0,0,0,6,0
187,117,berlin_000199_000019_leftImg8bit,0,1,0,1,1
188,1324,berlin_000200_000019_leftImg8bit,1,1,1,1,1
189,222,berlin_000201_000019_leftImg8bit,0,0,0,0,0
190,1273,berlin_000202_000019_leftImg8bit,1,1,0,0,1
191,1220,berlin_000203_000019_leftImg8bit,0,0,0,1,1
192,1350,berlin_000204_000019_leftImg8bit,0,0,1,6,0
193,498,berlin_000206_000019_leftImg8bit,1,1,0,5,1
194,326,berlin_000207_000019_leftImg8bit,0,1,0,0,0
195,594,berlin_000208_000019_leftImg8bit,0,1,0,6,1
196,942,berlin_000209_000019_leftImg8bit,1,0,0,6,0
197,229,berlin_000210_000019_leftImg8bit,0,0,1,1,1
198,839,berlin_000211_000019_leftImg8bit,1,0,0,4,1
199,689,berlin_000212_000019_leftImg8bit,0,1,1,3,1
200,504,berlin_000213_000019_leftImg8bit,0,0,1,6,0
201,1006,berlin_000214_000019_leftImg8bit,0,1,0,2,0
202,185,berlin_000215_000019_leftImg8bit,0,0,1,0,0
203,359,berlin_000216_000019_leftImg8bit,1,0,1,3,0
204,411,berlin_000217_000019_leftImg8bit,0,1,0,3,1
205,460,berlin_000218_000019_leftImg8bit,0,1,1,4,0
206,961,berlin_000220_000019_leftImg8bit,0,1,1,3,0
207,730,berlin_000221_000019_leftImg8bit,1,1,0,3,1
208,58,berlin_000222_000019_leftImg8bit,0,0,1,1,0
209,1163,berlin_000223_000019_leftImg8bit,0,1,0,0,1
210,590,berlin_000224_000019_leftImg8bit,1,0,1,3,1
211,662,berlin_000225_000019_leftImg8bit,0,0,1,2,1
212,1308,berlin_000226_000019_leftImg8bit,1,0,1,6,1
213,621,berlin_000227_000019_leftImg8bit,1,0,0,6,1
214,534,berlin_000228_000019_leftImg8bit,0,1,0,6,1
215,544,berlin_000229_000019_leftImg8bit,0,0,1,4,1
216,935,berlin_000230_000019_leftImg8bit,1,1,0,5,1
217,95,berlin_000231_000019_leftImg8bit,1,0,1,5,1
218,872,berlin_000232_000019_leftImg8bit,0,1,0,4,1
219,399,berlin_000233_000019_leftImg8bit,0,0,1,3,1
220,1016,berlin_000234_000019_leftImg8bit,0,1,1,1,1
221,258,berlin_000235_000019_leftImg8bit,0,0,1,6,1
222,1371,berlin_000236_000019_leftImg8bit,1,1,1,4,1
223,241,berlin_000237_000019_leftImg8bit,1,0,1,3,1
224,338,berlin_000238_000019_leftImg8bit,1,0,0,0,1
225,263,berlin_000239_000019_leftImg8bit,0,1,0,5,1
226,949,berlin_000240_000019_leftImg8bit,0,0,1,3,0
227,1060,berlin_000241_000019_leftImg8bit,1,0,1,4,0
228,293,berlin_000242_000019_leftImg8bit,0,0,0,6,0
229,831,berlin_000243_000019_leftImg8bit,0,1,0,0,1
230,528,berlin_000244_000019_leftImg8bit,0,1,0,6,0
231,1271,berlin_000245_000019_leftImg8bit,1,1,0,6,1
232,1300,berlin_000246_000019_leftImg8bit,0,1,1,6,1
233,278,berlin_000247_000019_leftImg8bit,0,0,1,6,1
234,704,berlin_000248_000019_leftImg8bit,0,0,1,1,0
235,1357,berlin_000249_000019_leftImg8bit,1,0,0,4,0
236,247,berlin_000250_000019_leftImg8bit,1,1,0,2,0
237,1346,berlin_000251_000019_leftImg8bit,1,1,0,4,0
238,246,berlin_000252_000019_leftImg8bit,1,1,1,3,0
239,1247,berlin_000253_000019_leftImg8bit,1,1,1,3,0
240,97,berlin_000254_000019_leftImg8bit,1,1,0,2,1
241,566,berlin_000255_000019_leftImg8bit,1,1,0,5,0
242,1225,berlin_000256_000019_leftImg8bit,0,1,1,5,1
243,1433,berlin_000257_000019_leftImg8bit,0,1,1,6,0
244,403,berlin_000258_000019_leftImg8bit,1,1,0,6,0
245,1304,berlin_000259_000019_leftImg8bit,1,1,0,5,0
246,986,berlin_000260_000019_leftImg8bit,1,0,0,2,1
247,738,berlin_000261_000019_leftImg8bit,1,1,1,2,1
248,751,berlin_000262_000019_leftImg8bit,1,0,1,0,0
249,924,berlin_000263_000019_leftImg8bit,0,0,1,6,1
250,321,berlin_000264_000019_leftImg8bit,0,0,1,2,1
251,1141,berlin_000265_000019_leftImg8bit,0,1,1,0,1
252,348,berlin_000266_000019_leftImg8bit,0,0,1,0,0
253,1412,berlin_000267_000019_leftImg8bit,1,1,0,2,1
254,84,berlin_000268_000019_leftImg8bit,0,0,0,5,1
255,1297,berlin_000269_000019_leftImg8bit,1,1,1,5,1
256,520,berlin_000270_000019_leftImg8bit,0,1,0,4,1
257,772,berlin_000271_000019_leftImg8bit,0,1,1,6,0
258,852,berlin_000272_000019_leftImg8bit,1,0,1,3,1
259,588,berlin_000273_000019_leftImg8bit,0,1,0,0,1
260,910,berlin_000274_000019_leftImg8bit,1,0,0,3,0
261,856,berlin_000275_000019_leftImg8bit,1,0,0,5,0
262,397,berlin_000276_000019_leftImg8bit,0,0,1,3,1
263,527,berlin_000277_000019_leftImg8bit,1,1,1,2,0
264,1039,berlin_000278_000019_leftImg8bit,0,0,1,3,1
265,344,berlin_000279_000019_leftImg8bit,0,0,0,3,1
266,1205,berlin_000282_000019_leftImg8bit,0,1,1,5,1
267,1331,berlin_000283_000019_leftImg8bit,0,0,1,3,1
268,434,berlin_000284_000019_leftImg8bit,0,1,1,0,0
269,103,berlin_000285_000019_leftImg8bit,1,0,1,4,1
270,598,berlin_000286_000019_leftImg8bit,1,0,0,2,1
271,755,berlin_000287_000019_leftImg8bit,0,1,0,3,0
272,841,berlin_000288_000019_leftImg8bit,1,1,0,1,0
273,307,berlin_000289_000019_leftImg8bit,0,0,1,3,0
274,1075,berlin_000290_000019_leftImg8bit,0,1,0,0,0
275,1125,berlin_000291_000019_leftImg8bit,0,0,0,3,0
276,152,berlin_000292_000019_leftImg8bit,1,0,0,1,1
277,894,berlin_000293_000019_leftImg8bit,1,1,0,3,1
278,308,berlin_000294_000019_leftImg8bit,0,1,1,4,0
279,1429,berlin_000295_000019_leftImg8bit,0,0,1,3,1
280,218,berlin_000296_000019_leftImg8bit,1,0,1,3,1
281,503,berlin_000297_000019_leftImg8bit,0,1,1,2,0
282,601,berlin_000298_000019_leftImg8bit,1,1,1,3,1
283,420,berlin_000299_000019_leftImg8bit,1,1,1,0,0
284,1403,berlin_000300_000019_leftImg8bit,1,1,1,5,0
285,231,berlin_000301_000019_leftImg8bit,0,0,1,3,1
286,793,berlin_000302_000019_leftImg8bit,1,1,0,1,0
287,441,berlin_000303_000019_leftImg8bit,0,0,1,0,1
288,1012,berlin_000304_000019_leftImg8bit,0,0,0,6,1
289,921,berlin_000305_000019_leftImg8bit,1,1,1,6,0
290,151,berlin_000306_000019_leftImg8bit,1,0,0,2,1
291,631,berlin_000307_000019_leftImg8bit,0,0,1,2,1
292,382,berlin_000308_000019_leftImg8bit,1,0,1,6,1
293,591,berlin_000309_000019_leftImg8bit,1,1,1,2,1
294,987,berlin_000310_000019_leftImg8bit,1,1,0,1,1
295,605,berlin_000311_000019_leftImg8bit,1,1,1,3,0
296,435,berlin_000313_000019_leftImg8bit,1,1,1,5,0
297,378,berlin_000315_000019_leftImg8bit,1,1,0,6,0
298,1279,berlin_000316_000019_leftImg8bit,0,1,0,6,1
299,1015,berlin_000317_000019_leftImg8bit,1,1,0,4,0
300,1175,berlin_000318_000019_leftImg8bit,1,0,1,2,0
301,816,berlin_000319_000019_leftImg8bit,1,1,0,5,0
302,104,berlin_000321_000019_leftImg8bit,1,1,1,4,1
303,1177,berlin_000322_000019_leftImg8bit,0,1,0,3,1
304,260,berlin_000323_000019_leftImg8bit,1,0,1,4,1
305,754,berlin_000325_000019_leftImg8bit,1,1,1,2,1
306,1031,berlin_000326_000019_leftImg8bit,0,0,1,4,0
307,226,berlin_000328_000019_leftImg8bit,0,0,0,4,0
308,1174,berlin_000329_000019_leftImg8bit,0,0,1,4,1
309,1372,berlin_000330_000019_leftImg8bit,0,0,0,3,0
310,951,berlin_000331_000019_leftImg8bit,1,0,1,3,0
311,1186,berlin_000332_000019_leftImg8bit,1,1,0,5,0
312,1100,berlin_000333_000019_leftImg8bit,1,0,0,0,1
313,22,berlin_000334_000019_leftImg8bit,1,1,0,6,1
314,1351,berlin_000335_000019_leftImg8bit,1,1,1,4,0
315,175,berlin_000336_000019_leftImg8bit,0,1,0,3,1
316,585,berlin_000337_000019_leftImg8bit,0,1,0,5,1
317,18,berlin_000338_000019_leftImg8bit,1,1,1,0,0
318,722,berlin_000339_000019_leftImg8bit,0,1,0,1,1
319,1076,berlin_000340_000019_leftImg8bit,1,1,1,0,1
320,1428,berlin_000341_000019_leftImg8bit,0,0,0,4,1
321,1001,berlin_000342_000019_leftImg8bit,1,1,0,2,1
322,687,berlin_000343_000019_leftImg8bit,0,0,1,3,1
323,1165,berlin_000344_000019_leftImg8bit,0,0,1,3,0
324,320,berlin_000345_000019_leftImg8bit,0,1,1,6,0
325,671,berlin_000346_000019_leftImg8bit,1,1,1,6,1
326,575,berlin_000347_000019_leftImg8bit,0,0,0,0,0
327,672,berlin_000348_000019_leftImg8bit,0,0,0,3,0
328,57,berlin_000349_000019_leftImg8bit,1,0,0,2,1
329,299,berlin_000350_000019_leftImg8bit,0,1,1,5,1
330,170,berlin_000351_000019_leftImg8bit,1,1,0,0,1
331,287,berlin_000352_000019_leftImg8bit,0,0,0,1,0
332,726,berlin_000353_000019_leftImg8bit,0,0,1,2,0
333,453,berlin_000355_000019_leftImg8bit,1,1,1,4,0
334,1057,berlin_000356_000019_leftImg8bit,0,0,0,6,0
335,629,berlin_000357_000019_leftImg8bit,0,0,1,5,0
336,25,berlin_000358_000019_leftImg8bit,0,1,0,3,0
337,1367,berlin_000359_000019_leftImg8bit,0,1,0,6,1
338,1098,berlin_000360_000019_leftImg8bit,1,1,1,1,1
339,1361,berlin_000361_000019_leftImg8bit,0,1,0,1,1
340,1095,berlin_000363_000019_leftImg8bit,0,0,1,3,0
341,731,berlin_000364_000019_leftImg8bit,0,0,0,5,1
342,861,berlin_000365_000019_leftImg8bit,0,1,0,1,0
343,77,berlin_000366_000019_leftImg8bit,0,1,0,6,1
344,1108,berlin_000367_000019_leftImg8bit,1,0,1,5,1
345,346,berlin_000368_000019_leftImg8bit,1,1,1,3,0
346,977,berlin_000369_000019_leftImg8bit,1,0,0,4,1
347,1434,berlin_000370_000019_leftImg8bit,0,0,1,6,1
348,796,berlin_000371_000019_leftImg8bit,1,1,1,2,1
349,701,berlin_000372_000019_leftImg8bit,1,1,1,3,0
350,376,berlin_000373_000019_leftImg8bit,1,0,1,2,0
351,1042,berlin_000375_000019_leftImg8bit,0,1,1,6,1
352,298,berlin_000376_000019_leftImg8bit,0,0,1,3,1
353,1430,berlin_000377_000019_leftImg8bit,1,1,1,1,0
354,1307,berlin_000378_000019_leftImg8bit,1,1,1,2,0
355,1319,berlin_000379_000019_leftImg8bit,0,1,1,6,1
356,1197,berlin_000380_000019_leftImg8bit,1,1,1,6,0
357,734,berlin_000381_000019_leftImg8bit,0,1,1,0,0
358,531,berlin_000382_000019_leftImg8bit,0,1,1,0,0
359,89,berlin_000383_000019_leftImg8bit,0,1,1,5,0
360,556,berlin_000384_000019_leftImg8bit,1,1,1,6,0
361,1093,berlin_000385_000019_leftImg8bit,1,1,1,0,1
362,275,berlin_000386_000019_leftImg8bit,0,0,1,1,0
363,356,berlin_000387_000019_leftImg8bit,0,0,1,4,0
364,998,berlin_000388_000019_leftImg8bit,1,0,1,5,0
365,1152,berlin_000389_000019_leftImg8bit,0,1,1,5,1
366,1193,berlin_000390_000019_leftImg8bit,1,1,1,3,0
367,651,berlin_000391_000019_leftImg8bit,0,1,1,0,0
368,974,berlin_000392_000019_leftImg8bit,1,0,0,1,0
369,161,berlin_000393_000019_leftImg8bit,0,1,0,4,0
370,1189,berlin_000394_000019_leftImg8bit,0,0,0,0,0
371,571,berlin_000395_000019_leftImg8bit,0,1,1,4,1
372,301,berlin_000396_000019_leftImg8bit,0,0,0,3,1
373,1289,berlin_000397_000019_leftImg8bit,0,1,1,6,1
374,23,berlin_000398_000019_leftImg8bit,0,1,1,4,0
375,1306,berlin_000399_000019_leftImg8bit,0,0,1,5,1
376,1341,berlin_000400_000019_leftImg8bit,1,1,0,5,1
377,364,berlin_000401_000019_leftImg8bit,1,0,1,6,1
378,289,berlin_000402_000019_leftImg8bit,0,1,1,0,1
379,535,berlin_000403_000019_leftImg8bit,0,0,1,2,0
380,1390,berlin_000404_000019_leftImg8bit,1,0,0,5,0
381,86,berlin_000405_000019_leftImg8bit,1,0,0,5,0
382,1180,berlin_000406_000019_leftImg8bit,1,1,1,2,1
383,735,berlin_000407_000019_leftImg8bit,0,0,1,2,1
384,1261,berlin_000408_000019_leftImg8bit,0,0,1,5,1
385,91,berlin_000409_000019_leftImg8bit,0,0,1,6,1
386,47,berlin_000410_000019_leftImg8bit,0,0,1,6,1
387,622,berlin_000411_000019_leftImg8bit,1,0,1,2,0
388,1414,berlin_000412_000019_leftImg8bit,1,1,1,4,1
389,1181,berlin_000413_000019_leftImg8bit,1,0,0,0,1
390,570,berlin_000414_000019_leftImg8bit,0,1,0,6,0
391,640,berlin_000415_000019_leftImg8bit,1,1,1,3,1
392,1284,berlin_000416_000019_leftImg8bit,1,1,0,5,0
393,1251,berlin_000417_000019_leftImg8bit,0,0,1,1,0
394,41,berlin_000418_000019_leftImg8bit,1,1,1,3,1
395,807,berlin_000419_000019_leftImg8bit,1,1,0,3,0
396,670,berlin_000420_000019_leftImg8bit,0,1,0,5,1
397,235,berlin_000421_000019_leftImg8bit,1,1,1,5,0
398,803,berlin_000422_000019_leftImg8bit,0,0,1,0,1
399,724,berlin_000423_000019_leftImg8bit,1,0,0,6,0
400,29,berlin_000424_000019_leftImg8bit,0,1,0,6,1
401,904,berlin_000425_000019_leftImg8bit,1,0,0,6,0
402,842,berlin_000426_000019_leftImg8bit,1,1,0,3,0
403,39,berlin_000427_000019_leftImg8bit,0,1,1,1,1
404,1045,berlin_000428_000019_leftImg8bit,0,1,0,1,0
405,135,berlin_000429_000019_leftImg8bit,0,1,1,3,1
406,1399,berlin_000430_000019_leftImg8bit,1,0,1,3,0
407,804,berlin_000431_000019_leftImg8bit,1,0,1,2,0
408,1385,berlin_000432_000019_leftImg8bit,1,0,1,6,0
409,242,berlin_000433_000019_leftImg8bit,0,1,0,2,0
410,696,berlin_000434_000019_leftImg8bit,1,0,0,1,0
411,1173,berlin_000435_000019_leftImg8bit,0,0,0,1,1
412,324,berlin_000436_000019_leftImg8bit,0,1,0,3,1
413,1144,berlin_000437_000019_leftImg8bit,1,1,1,1,1
414,1074,berlin_000438_000019_leftImg8bit,0,1,0,2,1
415,44,berlin_000439_000019_leftImg8bit,0,1,0,2,0
416,911,berlin_000440_000019_leftImg8bit,1,0,0,6,0
417,1382,berlin_000441_000019_leftImg8bit,0,1,0,2,0
418,927,berlin_000442_000019_leftImg8bit,1,0,1,6,0
419,1290,berlin_000443_000019_leftImg8bit,1,0,0,0,0
420,1242,berlin_000444_000019_leftImg8bit,1,0,0,2,1
421,31,berlin_000445_000019_leftImg8bit,0,1,1,1,0
422,532,berlin_000446_000019_leftImg8bit,1,0,0,3,0
423,1107,berlin_000447_000019_leftImg8bit,0,0,0,3,0
424,557,berlin_000448_000019_leftImg8bit,0,0,1,4,1
425,851,berlin_000449_000019_leftImg8bit,0,1,1,5,1
426,94,berlin_000450_000019_leftImg8bit,1,1,0,4,1
427,562,berlin_000452_000019_leftImg8bit,1,1,0,0,0
428,1099,berlin_000453_000019_leftImg8bit,0,0,1,5,0
429,512,berlin_000454_000019_leftImg8bit,1,0,1,1,0
430,7,berlin_000455_000019_leftImg8bit,1,1,0,5,0
431,1103,berlin_000456_000019_leftImg8bit,0,1,1,2,0
432,922,berlin_000457_000019_leftImg8bit,0,1,0,0,1
433,1071,berlin_000458_000019_leftImg8bit,0,0,1,2,1
434,1111,berlin_000459_000019_leftImg8bit,1,0,0,2,1
435,1360,berlin_000460_000019_leftImg8bit,1,1,0,2,0
436,1154,berlin_000461_000019_leftImg8bit,0,0,0,0,0
437,980,berlin_000462_000019_leftImg8bit,1,0,0,3,1
438,677,berlin_000463_000019_leftImg8bit,0,1,0,4,0
439,674,berlin_000464_000019_leftImg8bit,0,0,1,6,0
440,1394,berlin_000465_000019_leftImg8bit,0,0,0,4,1
441,280,berlin_000466_000019_leftImg8bit,1,0,1,0,1
442,224,berlin_000467_000019_leftImg8bit,1,0,0,2,0
443,34,berlin_000468_000019_leftImg8bit,0,0,1,2,1
444,126,berlin_000469_000019_leftImg8bit,0,1,0,5,0
445,1020,berlin_000470_000019_leftImg8bit,0,1,1,5,0
446,509,berlin_000471_000019_leftImg8bit,1,1,0,5,1
447,777,berlin_000472_000019_leftImg8bit,0,0,0,5,1
448,840,berlin_000473_000019_leftImg8bit,0,1,1,2,1
449,1058,berlin_000474_000019_leftImg8bit,1,0,0,5,1
450,1265,berlin_000475_000019_leftImg8bit,0,0,1,0,1
451,1388,berlin_000476_000019_leftImg8bit,1,1,1,2,1
452,1019,berlin_000477_000019_leftImg8bit,0,1,0,1,1
453,643,berlin_000478_000019_leftImg8bit,0,0,1,4,1
454,78,berlin_000479_000019_leftImg8bit,0,1,1,4,0
455,96,berlin_000480_000019_leftImg8bit,0,0,1,4,0
456,310,berlin_000481_000019_leftImg8bit,1,0,1,3,0
457,943,berlin_000482_000019_leftImg8bit,0,0,0,3,1
458,788,berlin_000483_000019_leftImg8bit,0,1,0,4,0
459,1256,berlin_000484_000019_leftImg8bit,0,0,1,4,0
460,1104,berlin_000485_000019_leftImg8bit,1,1,0,1,0
461,274,berlin_000486_000019_leftImg8bit,1,1,0,5,1
462,784,berlin_000487_000019_leftImg8bit,0,0,1,1,0
463,433,berlin_000488_000019_leftImg8bit,1,1,1,2,0
464,53,berlin_000489_000019_leftImg8bit,0,0,0,1,1
465,36,berlin_000490_000019_leftImg8bit,1,0,0,5,1
466,438,berlin_000491_000019_leftImg8bit,1,1,1,1,0
467,485,berlin_000492_000019_leftImg8bit,1,0,0,2,1
468,113,berlin_000493_000019_leftImg8bit,0,0,0,1,1
469,189,berlin_000494_000019_leftImg8bit,1,0,1,2,1
470,214,berlin_000495_000019_leftImg8bit,1,1,0,5,0
471,765,berlin_000496_000019_leftImg8bit,1,1,1,3,0
472,20,berlin_000497_000019_leftImg8bit,0,1,1,4,0
473,479,berlin_000498_000019_leftImg8bit,0,1,0,3,0
474,1129,berlin_000499_000019_leftImg8bit,1,1,0,5,0
475,1149,berlin_000500_000019_leftImg8bit,1,1,0,6,0
476,1137,berlin_000501_000019_leftImg8bit,1,0,0,6,0
477,250,berlin_000502_000019_leftImg8bit,1,1,1,0,1
478,118,berlin_000503_000019_leftImg8bit,1,0,1,1,0
479,1023,berlin_000504_000019_leftImg8bit,0,0,1,2,0
480,1406,berlin_000505_000019_leftImg8bit,0,0,0,4,1
481,1118,berlin_000506_000019_leftImg8bit,0,1,1,3,0
482,768,berlin_000507_000019_leftImg8bit,0,1,1,1,0
483,743,berlin_000508_000019_leftImg8bit,1,0,1,2,0
484,1359,berlin_000509_000019_leftImg8bit,0,1,1,1,1
485,1340,berlin_000510_000019_leftImg8bit,0,1,0,0,1
486,394,berlin_000511_000019_leftImg8bit,0,0,0,3,0
487,1277,berlin_000512_000019_leftImg8bit,1,0,0,5,0
488,820,berlin_000513_000019_leftImg8bit,0,0,1,6,1
489,1436,berlin_000514_000019_leftImg8bit,1,1,0,6,1
490,907,berlin_000515_000019_leftImg8bit,0,1,1,0,1
491,499,berlin_000516_000019_leftImg8bit,0,1,0,0,1
492,111,berlin_000517_000019_leftImg8bit,1,1,1,4,0
493,464,berlin_000518_000019_leftImg8bit,1,0,1,5,1
494,5,berlin_000519_000019_leftImg8bit,0,1,1,0,0
495,938,berlin_000520_000019_leftImg8bit,1,1,1,5,1
496,220,berlin_000521_000019_leftImg8bit,1,1,0,4,0
497,1376,berlin_000522_000019_leftImg8bit,1,0,0,3,0
498,1041,berlin_000523_000019_leftImg8bit,1,0,0,4,1
499,1087,berlin_000525_000019_leftImg8bit,0,1,0,0,1
500,49,berlin_000526_000019_leftImg8bit,0,0,0,4,1
501,923,berlin_000527_000019_leftImg8bit,1,0,1,1,0
502,1416,berlin_000528_000019_leftImg8bit,1,1,0,1,1
503,627,berlin_000529_000019_leftImg8bit,1,1,0,0,1
504,1054,berlin_000530_000019_leftImg8bit,1,0,1,6,0
505,211,berlin_000531_000019_leftImg8bit,1,0,1,5,0
506,425,berlin_000532_000019_leftImg8bit,1,0,1,0,1
507,836,berlin_000533_000019_leftImg8bit,1,0,1,3,0
508,1203,berlin_000534_000019_leftImg8bit,1,0,0,5,1
509,822,berlin_000535_000019_leftImg8bit,0,1,0,4,1
510,270,berlin_000536_000019_leftImg8bit,1,0,1,4,0
511,729,berlin_000537_000019_leftImg8bit,0,0,0,2,0
512,596,berlin_000538_000019_leftImg8bit,1,0,0,6,0
513,262,berlin_000539_000019_leftImg8bit,0,1,1,1,1
514,750,berlin_000540_000019_leftImg8bit,0,0,1,2,1
515,1253,berlin_000541_000019_leftImg8bit,0,1,1,3,1
516,1407,berlin_000542_000019_leftImg8bit,1,0,0,0,1
517,1275,berlin_000543_000019_leftImg8bit,0,0,1,0,0
518,969,bielefeld_000000_000321_leftImg8bit,1,1,1,3,0
519,945,bielefeld_000000_000856_leftImg8bit,0,0,0,3,0
520,463,bielefeld_000000_001011_leftImg8bit,1,0,0,6,0
521,952,bielefeld_000000_001187_leftImg8bit,1,1,1,6,1
522,970,bielefeld_000000_001505_leftImg8bit,1,0,0,2,1
523,465,bielefeld_000000_001705_leftImg8bit,0,0,0,6,0
524,545,bielefeld_000000_002308_leftImg8bit,0,0,1,1,1
525,327,bielefeld_000000_002528_leftImg8bit,1,0,0,6,0
526,688,bielefeld_000000_002735_leftImg8bit,1,0,1,4,0
527,1339,bielefeld_000000_003080_leftImg8bit,0,1,0,6,1
528,835,bielefeld_000000_003406_leftImg8bit,1,0,0,3,1
529,213,bielefeld_000000_003546_leftImg8bit,0,1,0,3,0
530,1421,bielefeld_000000_003731_leftImg8bit,1,0,0,2,0
531,946,bielefeld_000000_004345_leftImg8bit,0,1,1,1,1
532,782,bielefeld_000000_005068_leftImg8bit,0,0,1,0,0
533,914,bielefeld_000000_005260_leftImg8bit,0,0,0,5,0
534,191,bielefeld_000000_005372_leftImg8bit,0,1,1,6,1
535,769,bielefeld_000000_005584_leftImg8bit,1,0,1,5,0
536,42,bielefeld_000000_005741_leftImg8bit,0,0,1,0,0
537,667,bielefeld_000000_005942_leftImg8bit,0,0,0,4,1
538,582,bielefeld_000000_006239_leftImg8bit,0,1,1,3,1
539,815,bielefeld_000000_006603_leftImg8bit,1,1,0,4,1
540,83,bielefeld_000000_006802_leftImg8bit,1,1,1,0,0
541,1365,bielefeld_000000_007030_leftImg8bit,0,0,0,3,0
542,88,bielefeld_000000_007186_leftImg8bit,1,1,0,4,1
543,40,bielefeld_000000_007545_leftImg8bit,1,0,1,1,0
544,285,bielefeld_000000_008279_leftImg8bit,1,0,0,2,0
545,971,bielefeld_000000_008581_leftImg8bit,0,1,1,3,0
546,402,bielefeld_000000_008800_leftImg8bit,0,1,0,5,0
547,24,bielefeld_000000_009728_leftImg8bit,0,0,0,1,1
548,960,bielefeld_000000_009928_leftImg8bit,0,1,0,2,1
549,85,bielefeld_000000_010156_leftImg8bit,0,0,0,1,1
550,210,bielefeld_000000_011367_leftImg8bit,1,0,0,3,0
551,1037,bielefeld_000000_012080_leftImg8bit,0,1,0,1,1
552,329,bielefeld_000000_012584_leftImg8bit,1,1,1,6,0
553,760,bielefeld_000000_012788_leftImg8bit,1,1,0,2,0
554,811,bielefeld_000000_013570_leftImg8bit,1,0,1,1,0
555,1374,bielefeld_000000_013665_leftImg8bit,0,0,1,4,0
556,501,bielefeld_000000_013814_leftImg8bit,0,0,0,2,0
557,657,bielefeld_000000_014068_leftImg8bit,0,1,1,0,1
558,272,bielefeld_000000_015587_leftImg8bit,0,0,0,1,1
559,617,bielefeld_000000_015867_leftImg8bit,0,0,1,4,0
560,586,bielefeld_000000_015942_leftImg8bit,1,0,0,1,1
561,554,bielefeld_000000_016019_leftImg8bit,1,0,0,6,1
562,859,bielefeld_000000_016718_leftImg8bit,0,1,0,3,0
563,740,bielefeld_000000_016924_leftImg8bit,1,0,0,6,1
564,880,bielefeld_000000_017051_leftImg8bit,0,0,0,3,1
565,1404,bielefeld_000000_017279_leftImg8bit,1,1,1,4,1
566,909,bielefeld_000000_017438_leftImg8bit,0,0,0,2,1
567,477,bielefeld_000000_017774_leftImg8bit,1,0,0,6,1
568,1310,bielefeld_000000_018345_leftImg8bit,0,0,0,0,0
569,1159,bielefeld_000000_018644_leftImg8bit,1,0,0,6,0
570,451,bielefeld_000000_019416_leftImg8bit,1,1,0,0,0
571,1135,bielefeld_000000_020757_leftImg8bit,1,1,0,3,1
572,1402,bielefeld_000000_020900_leftImg8bit,0,0,1,2,0
573,144,bielefeld_000000_021221_leftImg8bit,1,0,1,6,0
574,355,bielefeld_000000_021341_leftImg8bit,1,1,0,5,0
575,983,bielefeld_000000_021625_leftImg8bit,0,0,1,5,1
576,46,bielefeld_000000_021826_leftImg8bit,1,0,0,6,1
577,1384,bielefeld_000000_022261_leftImg8bit,0,0,0,5,1
578,844,bielefeld_000000_022835_leftImg8bit,1,0,0,1,0
579,540,bielefeld_000000_025061_leftImg8bit,1,1,1,5,1
580,1109,bielefeld_000000_025426_leftImg8bit,0,0,1,5,0
581,396,bielefeld_000000_025748_leftImg8bit,1,1,1,3,0
582,1061,bielefeld_000000_026053_leftImg8bit,1,1,0,1,1
583,140,bielefeld_000000_026296_leftImg8bit,0,1,0,4,1
584,695,bielefeld_000000_026550_leftImg8bit,0,1,0,3,1
585,539,bielefeld_000000_026660_leftImg8bit,1,1,0,2,0
586,181,bielefeld_000000_026823_leftImg8bit,0,0,1,0,1
587,832,bielefeld_000000_027221_leftImg8bit,1,1,0,1,1
588,281,bielefeld_000000_027586_leftImg8bit,1,1,0,5,1
589,489,bielefeld_000000_027928_leftImg8bit,0,1,0,0,1
590,642,bielefeld_000000_028046_leftImg8bit,1,1,1,4,0
591,32,bielefeld_000000_028148_leftImg8bit,0,0,1,4,0
592,600,bielefeld_000000_028414_leftImg8bit,0,0,1,3,1
593,1418,bielefeld_000000_028747_leftImg8bit,1,0,0,1,0
594,1391,bielefeld_000000_029148_leftImg8bit,0,1,1,2,1
595,1330,bielefeld_000000_030038_leftImg8bit,1,0,0,4,0
596,825,bielefeld_000000_030366_leftImg8bit,1,1,0,2,0
597,119,bielefeld_000000_030958_leftImg8bit,1,1,0,2,0
598,296,bielefeld_000000_031244_leftImg8bit,0,1,0,6,1
599,120,bielefeld_000000_031510_leftImg8bit,1,1,0,4,1
600,243,bielefeld_000000_032388_leftImg8bit,1,0,0,0,1
601,180,bielefeld_000000_032766_leftImg8bit,0,0,1,5,1
602,1134,bielefeld_000000_033675_leftImg8bit,0,0,1,5,0
603,1051,bielefeld_000000_033770_leftImg8bit,1,0,0,2,0
604,874,bielefeld_000000_033979_leftImg8bit,1,0,0,6,0
605,1248,bielefeld_000000_034705_leftImg8bit,1,0,1,2,1
606,875,bielefeld_000000_034929_leftImg8bit,0,1,0,3,1
607,933,bielefeld_000000_035223_leftImg8bit,0,0,0,3,1
608,35,bielefeld_000000_035537_leftImg8bit,0,1,0,5,0
609,506,bielefeld_000000_035879_leftImg8bit,1,1,1,2,0
610,717,bielefeld_000000_036362_leftImg8bit,1,1,0,3,0
611,64,bielefeld_000000_036732_leftImg8bit,1,0,1,4,0
612,665,bielefeld_000000_037016_leftImg8bit,0,0,1,2,1
613,383,bielefeld_000000_037159_leftImg8bit,0,1,0,6,1
614,317,bielefeld_000000_037422_leftImg8bit,0,1,1,0,0
615,410,bielefeld_000000_038924_leftImg8bit,0,0,0,4,1
616,16,bielefeld_000000_039082_leftImg8bit,1,1,0,5,1
617,966,bielefeld_000000_039221_leftImg8bit,1,0,1,0,0
618,965,bielefeld_000000_039596_leftImg8bit,0,1,0,2,0
619,1112,bielefeld_000000_040035_leftImg8bit,0,0,0,6,0
620,716,bielefeld_000000_040472_leftImg8bit,1,0,0,5,1
621,66,bielefeld_000000_041014_leftImg8bit,1,0,0,5,0
622,663,bielefeld_000000_041142_leftImg8bit,1,0,0,2,1
623,577,bielefeld_000000_041223_leftImg8bit,0,1,1,6,1
624,866,bielefeld_000000_041444_leftImg8bit,0,1,0,4,0
625,773,bielefeld_000000_042403_leftImg8bit,1,1,0,3,0
626,133,bielefeld_000000_042571_leftImg8bit,1,0,1,0,1
627,541,bielefeld_000000_042717_leftImg8bit,1,0,1,2,0
628,454,bielefeld_000000_043100_leftImg8bit,0,0,0,2,0
629,766,bielefeld_000000_043389_leftImg8bit,1,0,1,0,0
630,1321,bielefeld_000000_043610_leftImg8bit,1,1,1,1,0
631,1362,bielefeld_000000_045117_leftImg8bit,0,0,1,1,1
632,427,bielefeld_000000_045232_leftImg8bit,1,1,1,1,0
633,349,bielefeld_000000_046023_leftImg8bit,1,1,1,4,0
634,1426,bielefeld_000000_046212_leftImg8bit,1,1,0,5,0
635,530,bielefeld_000000_046495_leftImg8bit,1,1,0,0,0
636,1401,bielefeld_000000_047542_leftImg8bit,1,1,1,3,0
637,827,bielefeld_000000_047918_leftImg8bit,1,0,1,3,0
638,160,bielefeld_000000_048227_leftImg8bit,1,1,0,3,0
639,1080,bielefeld_000000_048518_leftImg8bit,0,1,0,6,1
640,706,bielefeld_000000_048754_leftImg8bit,0,0,0,0,1
641,1089,bielefeld_000000_048864_leftImg8bit,0,1,1,1,0
642,445,bielefeld_000000_049313_leftImg8bit,0,1,0,0,0
643,54,bielefeld_000000_049446_leftImg8bit,0,1,0,6,1
644,1009,bielefeld_000000_050426_leftImg8bit,0,1,0,3,0
645,387,bielefeld_000000_050586_leftImg8bit,0,0,1,2,0
646,855,bielefeld_000000_051102_leftImg8bit,0,1,0,4,0
647,990,bielefeld_000000_051223_leftImg8bit,0,1,1,4,1
648,33,bielefeld_000000_051894_leftImg8bit,0,1,0,6,0
649,282,bielefeld_000000_052155_leftImg8bit,1,1,0,4,1
650,495,bielefeld_000000_053028_leftImg8bit,0,0,0,6,0
651,15,bielefeld_000000_053384_leftImg8bit,0,1,1,3,1
652,737,bielefeld_000000_053583_leftImg8bit,0,1,0,4,1
653,727,bielefeld_000000_053779_leftImg8bit,0,0,0,0,0
654,1147,bielefeld_000000_055003_leftImg8bit,1,1,0,4,1
655,1005,bielefeld_000000_055145_leftImg8bit,1,1,1,5,0
656,248,bielefeld_000000_056175_leftImg8bit,1,1,1,1,1
657,583,bielefeld_000000_056226_leftImg8bit,1,0,1,4,1
658,178,bielefeld_000000_056310_leftImg8bit,1,0,1,6,1
659,139,bielefeld_000000_056493_leftImg8bit,0,0,1,0,1
660,774,bielefeld_000000_056603_leftImg8bit,0,0,1,6,0
661,467,bielefeld_000000_056866_leftImg8bit,1,1,1,3,1
662,564,bielefeld_000000_058374_leftImg8bit,1,0,1,4,1
663,1164,bielefeld_000000_058776_leftImg8bit,0,0,1,1,1
664,148,bielefeld_000000_058934_leftImg8bit,1,0,0,0,0
665,581,bielefeld_000000_059303_leftImg8bit,0,0,0,0,1
666,1423,bielefeld_000000_059355_leftImg8bit,1,1,1,0,1
667,1024,bielefeld_000000_059501_leftImg8bit,0,0,0,2,1
668,360,bielefeld_000000_059651_leftImg8bit,1,0,1,6,1
669,154,bielefeld_000000_059729_leftImg8bit,0,0,0,5,0
670,1244,bielefeld_000000_059766_leftImg8bit,0,1,0,6,1
671,230,bielefeld_000000_059842_leftImg8bit,1,1,0,6,0
672,873,bielefeld_000000_060786_leftImg8bit,0,0,1,6,1
673,1315,bielefeld_000000_060861_leftImg8bit,0,1,1,2,0
674,195,bielefeld_000000_061094_leftImg8bit,1,1,1,1,0
675,1150,bielefeld_000000_061341_leftImg8bit,1,0,1,6,0
676,437,bielefeld_000000_061975_leftImg8bit,0,1,0,2,0
677,1223,bielefeld_000000_062121_leftImg8bit,0,0,0,3,0
678,1183,bielefeld_000000_063623_leftImg8bit,1,0,0,2,0
679,889,bielefeld_000000_063939_leftImg8bit,1,0,0,2,0
680,932,bielefeld_000000_064271_leftImg8bit,0,0,0,0,0
681,579,bielefeld_000000_064583_leftImg8bit,1,0,1,4,0
682,1294,bielefeld_000000_064805_leftImg8bit,1,1,0,2,1
683,953,bielefeld_000000_064910_leftImg8bit,1,1,0,1,0
684,1156,bielefeld_000000_065023_leftImg8bit,1,1,1,5,1
685,71,bielefeld_000000_065154_leftImg8bit,1,0,1,6,0
686,340,bielefeld_000000_066195_leftImg8bit,0,0,1,3,0
687,926,bielefeld_000000_066405_leftImg8bit,1,1,0,6,0
688,1201,bielefeld_000000_066495_leftImg8bit,0,1,0,1,0
689,939,bonn_000000_000019_leftImg8bit,0,1,0,4,1
690,74,bonn_000001_000019_leftImg8bit,1,1,1,0,0
691,109,bonn_000002_000019_leftImg8bit,0,1,1,6,1
692,207,bonn_000003_000019_leftImg8bit,0,0,1,0,0
693,1327,bonn_000004_000019_leftImg8bit,1,0,0,0,1
694,314,bonn_000005_000019_leftImg8bit,0,1,1,0,1
695,1270,bonn_000006_000019_leftImg8bit,1,0,0,2,1
696,685,bonn_000007_000019_leftImg8bit,1,0,0,5,1
697,1160,bonn_000008_000019_leftImg8bit,0,0,1,3,0
698,354,bonn_000009_000019_leftImg8bit,0,0,1,1,0
699,69,bonn_000011_000019_leftImg8bit,0,1,1,5,0
700,375,bonn_000012_000019_leftImg8bit,1,1,0,1,1
701,568,bonn_000013_000019_leftImg8bit,0,1,1,1,1
702,90,bonn_000014_000019_leftImg8bit,1,1,1,5,1
703,1239,bonn_000015_000019_leftImg8bit,1,0,0,0,0
704,440,bonn_000016_000019_leftImg8bit,1,0,0,0,1
705,1221,bonn_000017_000019_leftImg8bit,0,0,1,1,0
706,1161,bonn_000018_000019_leftImg8bit,0,0,0,3,1
707,1282,bonn_000019_000019_leftImg8bit,1,1,1,1,1
708,1179,bonn_000020_000019_leftImg8bit,0,1,0,1,0
709,267,bonn_000021_000019_leftImg8bit,0,1,1,2,1
710,1254,bonn_000022_000019_leftImg8bit,1,0,0,5,0
711,1052,bonn_000023_000019_leftImg8bit,1,0,0,1,1
712,592,bonn_000024_000019_leftImg8bit,0,1,0,1,1
713,1043,bonn_000025_000019_leftImg8bit,1,0,1,4,1
714,895,bonn_000026_000019_leftImg8bit,0,1,1,0,1
715,702,bonn_000027_000019_leftImg8bit,0,0,1,6,0
716,937,bonn_000028_000019_leftImg8bit,0,1,0,5,0
717,472,bonn_000029_000019_leftImg8bit,1,0,1,3,0
718,199,bonn_000030_000019_leftImg8bit,1,1,1,2,0
719,1379,bonn_000031_000019_leftImg8bit,0,1,1,5,0
720,741,bonn_000032_000019_leftImg8bit,1,0,0,3,1
721,697,bonn_000033_000019_leftImg8bit,1,1,0,2,1
722,745,bonn_000034_000019_leftImg8bit,1,0,1,5,0
723,391,bonn_000035_000019_leftImg8bit,0,1,0,1,1
724,871,bonn_000037_000019_leftImg8bit,0,1,1,3,0
725,237,bonn_000038_000019_leftImg8bit,0,1,0,6,0
726,615,bonn_000039_000019_leftImg8bit,0,1,1,0,0
727,956,bonn_000040_000019_leftImg8bit,1,1,1,6,1
728,1215,bonn_000041_000019_leftImg8bit,0,1,0,1,0
729,916,bonn_000042_000019_leftImg8bit,1,1,1,5,1
730,1072,bonn_000043_000019_leftImg8bit,0,1,0,2,0
731,413,bonn_000044_000019_leftImg8bit,0,0,1,2,0
732,771,bonn_000045_000019_leftImg8bit,0,1,1,4,0
733,17,leverkusen_000000_000019_leftImg8bit,1,0,0,4,0
734,823,leverkusen_000001_000019_leftImg8bit,0,1,1,0,0
735,26,leverkusen_000002_000019_leftImg8bit,0,1,0,3,1
736,1158,leverkusen_000003_000019_leftImg8bit,0,0,0,2,1
737,948,leverkusen_000004_000019_leftImg8bit,1,0,1,5,1
738,315,leverkusen_000005_000019_leftImg8bit,1,1,1,1,0
739,252,leverkusen_000006_000019_leftImg8bit,0,1,1,5,1
740,1236,leverkusen_000008_000019_leftImg8bit,0,1,0,0,0
741,603,leverkusen_000009_000019_leftImg8bit,0,0,0,2,1
742,490,leverkusen_000010_000019_leftImg8bit,1,0,0,1,0
743,699,leverkusen_000011_000019_leftImg8bit,1,1,0,0,0
744,1133,leverkusen_000012_000019_leftImg8bit,1,0,1,3,1
745,1335,leverkusen_000013_000019_leftImg8bit,0,1,0,4,0
746,558,leverkusen_000014_000019_leftImg8bit,1,1,1,5,1
747,21,leverkusen_000016_000019_leftImg8bit,1,0,1,5,1
748,1219,leverkusen_000017_000019_leftImg8bit,1,1,0,1,1
749,636,leverkusen_000018_000019_leftImg8bit,1,0,0,3,0
750,954,leverkusen_000020_000019_leftImg8bit,0,0,1,6,0
751,1422,leverkusen_000021_000019_leftImg8bit,0,1,1,6,1
752,1110,leverkusen_000023_000019_leftImg8bit,1,1,0,0,1
753,516,leverkusen_000024_000019_leftImg8bit,0,0,1,0,1
754,770,leverkusen_000026_000019_leftImg8bit,0,0,1,2,0
755,967,leverkusen_000027_000019_leftImg8bit,0,0,1,1,0
756,1,leverkusen_000028_000019_leftImg8bit,0,1,1,1,1
757,227,leverkusen_000029_000019_leftImg8bit,0,0,0,3,0
758,884,leverkusen_000030_000019_leftImg8bit,0,1,1,1,1
759,1211,leverkusen_000031_000019_leftImg8bit,0,1,1,1,0
760,565,leverkusen_000032_000019_leftImg8bit,0,1,0,5,1
761,414,leverkusen_000033_000019_leftImg8bit,1,0,0,1,0
762,1329,leverkusen_000034_000019_leftImg8bit,0,0,1,5,1
763,377,leverkusen_000035_000019_leftImg8bit,1,1,1,0,1
764,739,leverkusen_000036_000019_leftImg8bit,0,1,1,5,0
765,682,leverkusen_000037_000019_leftImg8bit,0,0,0,3,1
766,1377,leverkusen_000038_000019_leftImg8bit,0,1,0,0,1
767,813,leverkusen_000039_000019_leftImg8bit,1,1,1,1,1
768,744,leverkusen_000040_000019_leftImg8bit,1,0,1,4,0
769,475,leverkusen_000041_000019_leftImg8bit,0,0,1,4,1
770,1343,leverkusen_000042_000019_leftImg8bit,1,1,1,5,1
771,515,leverkusen_000043_000019_leftImg8bit,0,0,0,4,0
772,266,leverkusen_000044_000019_leftImg8bit,1,1,1,2,1
773,587,leverkusen_000046_000019_leftImg8bit,1,1,1,2,1
774,374,leverkusen_000047_000019_leftImg8bit,1,0,0,3,0
775,205,leverkusen_000048_000019_leftImg8bit,1,0,1,5,0
776,1021,leverkusen_000049_000019_leftImg8bit,1,0,0,3,0
777,891,leverkusen_000050_000019_leftImg8bit,1,0,1,3,1
778,533,leverkusen_000051_000019_leftImg8bit,1,0,0,5,0
779,305,leverkusen_000052_000019_leftImg8bit,0,1,1,3,1
780,798,leverkusen_000053_000019_leftImg8bit,1,1,1,1,1
781,915,leverkusen_000054_000019_leftImg8bit,1,0,0,6,1
782,1395,leverkusen_000055_000019_leftImg8bit,1,1,0,6,0
783,976,leverkusen_000056_000019_leftImg8bit,0,1,1,2,0
784,507,leverkusen_000057_000019_leftImg8bit,0,0,1,2,1
785,1387,mainz_000000_000093_leftImg8bit,0,0,1,6,0
786,75,mainz_000000_000293_leftImg8bit,0,0,1,1,1
787,552,mainz_000000_001003_leftImg8bit,0,0,1,6,1
788,920,mainz_000000_001068_leftImg8bit,0,1,0,5,1
789,526,mainz_000000_001265_leftImg8bit,1,1,0,5,1
790,641,mainz_000000_001410_leftImg8bit,0,0,1,3,1
791,234,mainz_000000_001601_leftImg8bit,1,0,0,3,1
792,536,mainz_000000_001857_leftImg8bit,1,0,1,3,1
793,6,mainz_000000_002212_leftImg8bit,0,1,1,4,1
794,893,mainz_000000_002353_leftImg8bit,1,0,1,2,0
795,407,mainz_000000_003049_leftImg8bit,0,0,1,2,0
796,81,mainz_000000_003250_leftImg8bit,0,1,0,0,1
797,1431,mainz_000000_003506_leftImg8bit,0,1,1,5,1
798,510,mainz_000000_003619_leftImg8bit,1,1,0,3,1
799,167,mainz_000000_004000_leftImg8bit,0,0,1,4,0
800,223,mainz_000000_004237_leftImg8bit,0,1,0,3,0
801,486,mainz_000000_004542_leftImg8bit,0,1,0,0,1
802,1415,mainz_000000_004740_leftImg8bit,0,0,1,6,1
803,106,mainz_000000_005403_leftImg8bit,0,0,1,6,0
804,522,mainz_000000_005549_leftImg8bit,1,0,0,5,1
805,973,mainz_000000_005817_leftImg8bit,1,0,0,6,0
806,810,mainz_000000_006141_leftImg8bit,0,0,1,5,1
807,334,mainz_000000_006263_leftImg8bit,1,0,1,1,0
808,1198,mainz_000000_006368_leftImg8bit,1,1,1,4,1
809,1234,mainz_000000_006649_leftImg8bit,1,0,0,4,0
810,1311,mainz_000000_007415_leftImg8bit,0,1,0,6,0
811,1413,mainz_000000_007813_leftImg8bit,0,0,0,0,1
812,1007,mainz_000000_008001_leftImg8bit,0,0,0,5,1
813,461,mainz_000000_008165_leftImg8bit,0,0,0,1,0
814,1233,mainz_000000_008509_leftImg8bit,0,0,1,0,1
815,1389,mainz_000000_008645_leftImg8bit,1,1,0,2,0
816,1067,mainz_000000_008871_leftImg8bit,0,1,1,1,0
817,362,mainz_000000_009751_leftImg8bit,1,0,0,2,1
818,379,mainz_000000_009985_leftImg8bit,1,0,1,3,0
819,388,mainz_000000_010171_leftImg8bit,1,1,0,1,0
820,149,mainz_000000_010417_leftImg8bit,0,0,0,4,1
821,849,mainz_000000_010550_leftImg8bit,0,1,1,2,1
822,3,mainz_000000_011339_leftImg8bit,0,0,1,4,0
823,715,mainz_000000_011879_leftImg8bit,1,1,1,1,1
824,1209,mainz_000000_012392_leftImg8bit,1,1,1,6,0
825,1373,mainz_000000_012737_leftImg8bit,0,1,0,2,1
826,1338,mainz_000000_013095_leftImg8bit,0,0,0,5,0
827,1309,mainz_000000_013437_leftImg8bit,1,0,0,2,0
828,325,mainz_000000_013671_leftImg8bit,1,1,1,6,0
829,493,mainz_000000_013960_leftImg8bit,1,0,1,5,1
830,187,mainz_000000_014193_leftImg8bit,1,0,0,3,1
831,1427,mainz_000000_014742_leftImg8bit,1,0,1,1,0
832,322,mainz_000000_015052_leftImg8bit,1,1,0,1,0
833,709,mainz_000000_015170_leftImg8bit,0,0,1,4,1
834,1274,mainz_000000_015760_leftImg8bit,1,0,0,6,0
835,1096,mainz_000000_016083_leftImg8bit,1,0,0,0,1
836,1185,mainz_000000_016281_leftImg8bit,0,1,1,4,1
837,763,mainz_000000_016612_leftImg8bit,1,1,0,3,1
838,1328,mainz_000000_016651_leftImg8bit,0,0,1,4,0
839,1345,mainz_000000_016915_leftImg8bit,0,1,0,1,0
840,962,mainz_000000_017927_leftImg8bit,0,0,0,2,1
841,487,mainz_000000_018249_leftImg8bit,1,0,0,5,0
842,1237,mainz_000000_018883_leftImg8bit,1,1,0,0,0
843,1257,mainz_000000_019043_leftImg8bit,1,1,1,5,0
844,511,mainz_000000_019227_leftImg8bit,0,1,1,6,0
845,712,mainz_000000_019439_leftImg8bit,1,0,1,0,0
846,864,mainz_000000_019686_leftImg8bit,1,1,1,2,1
847,968,mainz_000000_019847_leftImg8bit,1,1,1,4,1
848,614,mainz_000000_020139_leftImg8bit,0,1,1,5,0
849,341,mainz_000000_020415_leftImg8bit,1,0,0,0,1
850,829,mainz_000000_021457_leftImg8bit,1,0,1,4,0
851,1079,mainz_000000_021524_leftImg8bit,1,1,0,3,0
852,11,mainz_000000_021735_leftImg8bit,0,1,1,0,1
853,240,mainz_000000_021833_leftImg8bit,0,1,1,4,1
854,421,mainz_000000_022091_leftImg8bit,1,0,1,2,0
855,446,mainz_000000_022417_leftImg8bit,1,0,1,3,1
856,1022,mainz_000001_000120_leftImg8bit,1,0,0,4,1
857,1280,mainz_000001_000428_leftImg8bit,0,0,1,4,1
858,1008,mainz_000001_001509_leftImg8bit,1,1,1,2,1
859,753,mainz_000001_002033_leftImg8bit,0,0,1,2,0
860,1191,mainz_000001_002543_leftImg8bit,1,0,0,0,0
861,345,mainz_000001_003012_leftImg8bit,1,1,1,2,0
862,523,mainz_000001_003624_leftImg8bit,0,1,1,4,1
863,929,mainz_000001_003702_leftImg8bit,1,0,1,1,1
864,756,mainz_000001_003907_leftImg8bit,0,0,0,2,0
865,1435,mainz_000001_004132_leftImg8bit,0,1,0,2,1
866,678,mainz_000001_004219_leftImg8bit,0,0,1,6,0
867,1192,mainz_000001_005016_leftImg8bit,1,1,1,3,0
868,814,mainz_000001_005163_leftImg8bit,1,0,1,0,0
869,1314,mainz_000001_005366_leftImg8bit,1,1,0,6,1
870,1348,mainz_000001_005665_leftImg8bit,1,0,0,5,0
871,899,mainz_000001_005815_leftImg8bit,1,1,0,5,0
872,303,mainz_000001_005911_leftImg8bit,0,1,1,4,0
873,146,mainz_000001_006194_leftImg8bit,0,0,1,4,0
874,514,mainz_000001_006768_leftImg8bit,1,1,0,0,1
875,876,mainz_000001_007171_leftImg8bit,0,0,1,0,1
876,1405,mainz_000001_007460_leftImg8bit,1,1,0,6,0
877,107,mainz_000001_007595_leftImg8bit,0,0,0,0,0
878,136,mainz_000001_007956_leftImg8bit,0,0,1,3,1
879,900,mainz_000001_008056_leftImg8bit,1,1,1,4,0
880,1358,mainz_000001_008264_leftImg8bit,1,1,0,1,0
881,885,mainz_000001_008540_leftImg8bit,0,1,1,1,1
882,1092,mainz_000001_009152_leftImg8bit,1,1,1,4,0
883,110,mainz_000001_009328_leftImg8bit,0,0,0,5,0
884,713,mainz_000001_009811_leftImg8bit,0,0,1,1,0
885,1323,mainz_000001_009867_leftImg8bit,1,0,0,2,0
886,563,mainz_000001_009996_leftImg8bit,0,1,0,2,1
887,204,mainz_000001_010853_leftImg8bit,1,1,1,5,0
888,1196,mainz_000001_011333_leftImg8bit,1,0,1,3,0
889,432,mainz_000001_011736_leftImg8bit,0,0,0,4,0
890,1130,mainz_000001_011785_leftImg8bit,0,1,0,5,1
891,878,mainz_000001_012186_leftImg8bit,0,1,0,4,1
892,508,mainz_000001_012470_leftImg8bit,1,1,1,3,0
893,76,mainz_000001_012541_leftImg8bit,0,0,1,2,0
894,145,mainz_000001_012644_leftImg8bit,1,1,1,6,1
895,1295,mainz_000001_012950_leftImg8bit,0,0,0,4,1
896,619,mainz_000001_013313_leftImg8bit,0,1,0,6,1
897,599,mainz_000001_014073_leftImg8bit,0,1,0,1,0
898,1036,mainz_000001_014469_leftImg8bit,1,1,1,6,0
899,1312,mainz_000001_014626_leftImg8bit,1,0,0,0,0
900,261,mainz_000001_015235_leftImg8bit,0,1,0,5,0
901,758,mainz_000001_015508_leftImg8bit,1,1,1,2,0
902,430,mainz_000001_015724_leftImg8bit,0,0,0,2,1
903,336,mainz_000001_016011_leftImg8bit,1,0,1,1,1
904,1375,mainz_000001_016391_leftImg8bit,1,0,0,3,1
905,912,mainz_000001_016931_leftImg8bit,1,1,0,4,1
906,1227,mainz_000001_017618_leftImg8bit,1,1,0,6,1
907,253,mainz_000001_017992_leftImg8bit,0,0,1,3,0
908,1268,mainz_000001_018145_leftImg8bit,1,1,0,5,1
909,721,mainz_000001_018329_leftImg8bit,0,1,0,1,0
910,245,mainz_000001_018670_leftImg8bit,0,1,0,5,1
911,201,mainz_000001_018817_leftImg8bit,1,0,1,2,1
912,1033,mainz_000001_019061_leftImg8bit,1,1,1,1,1
913,311,mainz_000001_019286_leftImg8bit,0,0,1,3,0
914,1030,mainz_000001_019593_leftImg8bit,1,1,1,4,1
915,886,mainz_000001_020068_leftImg8bit,0,1,1,4,0
916,632,mainz_000001_020193_leftImg8bit,1,1,0,1,0
917,219,mainz_000001_020484_leftImg8bit,1,0,0,4,1
918,228,mainz_000001_020829_leftImg8bit,1,0,0,4,0
919,37,mainz_000001_021042_leftImg8bit,1,0,1,5,1
920,517,mainz_000001_021547_leftImg8bit,0,1,1,1,0
921,902,mainz_000001_021892_leftImg8bit,0,1,0,2,0
922,50,mainz_000001_021946_leftImg8bit,0,1,0,6,0
923,408,mainz_000001_022630_leftImg8bit,1,0,1,6,1
924,482,mainz_000001_023439_leftImg8bit,0,0,0,2,0
925,1188,mainz_000001_023604_leftImg8bit,1,1,1,1,1
926,471,mainz_000001_024439_leftImg8bit,0,1,1,4,1
927,792,mainz_000001_024489_leftImg8bit,0,0,1,1,1
928,177,mainz_000001_024718_leftImg8bit,0,1,1,6,1
929,1002,mainz_000001_025161_leftImg8bit,0,1,0,0,1
930,369,mainz_000001_025390_leftImg8bit,1,1,1,5,0
931,799,mainz_000001_025623_leftImg8bit,1,1,1,1,0
932,257,mainz_000001_026209_leftImg8bit,0,0,1,4,1
933,1267,mainz_000001_026837_leftImg8bit,0,0,0,6,0
934,567,mainz_000001_026963_leftImg8bit,1,0,1,2,0
935,1326,mainz_000001_027053_leftImg8bit,1,0,0,0,1
936,182,mainz_000001_027124_leftImg8bit,1,0,1,6,1
937,1255,mainz_000001_027377_leftImg8bit,0,0,1,0,0
938,732,mainz_000001_027675_leftImg8bit,1,0,1,0,0
939,650,mainz_000001_027751_leftImg8bit,0,0,1,1,1
940,733,mainz_000001_028111_leftImg8bit,1,0,0,1,1
941,406,mainz_000001_028326_leftImg8bit,1,0,1,0,0
942,669,mainz_000001_028566_leftImg8bit,0,1,1,3,1
943,254,mainz_000001_028847_leftImg8bit,1,0,1,4,1
944,393,mainz_000001_029293_leftImg8bit,1,1,1,1,1
945,1369,mainz_000001_029521_leftImg8bit,1,1,0,6,1
946,302,mainz_000001_029755_leftImg8bit,0,1,0,6,1
947,384,mainz_000001_029950_leftImg8bit,0,0,1,0,1
948,319,mainz_000001_030417_leftImg8bit,0,1,0,1,1
949,1078,mainz_000001_030630_leftImg8bit,0,1,1,2,1
950,692,mainz_000001_031350_leftImg8bit,0,0,1,5,0
951,1172,mainz_000001_031697_leftImg8bit,0,0,0,1,1
952,295,mainz_000001_031946_leftImg8bit,1,1,1,2,0
953,127,mainz_000001_032294_leftImg8bit,1,1,0,1,1
954,108,mainz_000001_032401_leftImg8bit,1,0,0,4,0
955,1210,mainz_000001_032567_leftImg8bit,1,0,1,0,0
956,335,mainz_000001_032691_leftImg8bit,0,0,0,5,1
957,221,mainz_000001_032767_leftImg8bit,1,0,1,5,0
958,442,mainz_000001_032911_leftImg8bit,0,0,0,1,0
959,666,mainz_000001_033096_leftImg8bit,0,0,0,5,0
960,128,mainz_000001_033329_leftImg8bit,1,0,0,3,1
961,982,mainz_000001_033437_leftImg8bit,0,1,0,5,0
962,244,mainz_000001_033603_leftImg8bit,1,0,0,2,0
963,561,mainz_000001_033756_leftImg8bit,1,1,0,6,1
964,1122,mainz_000001_034033_leftImg8bit,0,0,0,4,0
965,1245,mainz_000001_034209_leftImg8bit,0,1,1,6,0
966,549,mainz_000001_034394_leftImg8bit,0,1,0,5,0
967,703,mainz_000001_034508_leftImg8bit,1,0,1,6,1
968,225,mainz_000001_034681_leftImg8bit,1,1,1,0,0
969,888,mainz_000001_035293_leftImg8bit,0,0,0,1,0
970,51,mainz_000001_035585_leftImg8bit,1,1,1,3,1
971,150,mainz_000001_035963_leftImg8bit,0,1,1,4,0
972,1171,mainz_000001_036115_leftImg8bit,1,0,0,2,0
973,1258,mainz_000001_036240_leftImg8bit,1,1,1,4,0
974,1266,mainz_000001_036412_leftImg8bit,0,0,1,4,0
975,276,mainz_000001_037170_leftImg8bit,0,0,0,5,0
976,862,mainz_000001_037411_leftImg8bit,0,0,1,2,1
977,259,mainz_000001_037532_leftImg8bit,0,0,1,2,1
978,1003,mainz_000001_037736_leftImg8bit,0,1,1,2,1
979,860,mainz_000001_037905_leftImg8bit,0,1,1,5,1
980,265,mainz_000001_038026_leftImg8bit,1,0,1,1,1
981,142,mainz_000001_038191_leftImg8bit,1,0,0,3,1
982,1411,mainz_000001_038347_leftImg8bit,1,0,0,0,1
983,896,mainz_000001_038768_leftImg8bit,0,0,1,4,1
984,1263,mainz_000001_038955_leftImg8bit,1,0,1,6,0
985,795,mainz_000001_039075_leftImg8bit,0,0,1,4,1
986,337,mainz_000001_039470_leftImg8bit,1,1,0,5,1
987,882,mainz_000001_039943_leftImg8bit,0,1,1,6,0
988,817,mainz_000001_040195_leftImg8bit,1,1,0,2,1
989,1332,mainz_000001_040367_leftImg8bit,1,1,0,4,0
990,991,mainz_000001_040839_leftImg8bit,1,0,1,2,1
991,947,mainz_000001_041172_leftImg8bit,0,0,0,5,0
992,1352,mainz_000001_041284_leftImg8bit,1,1,1,2,1
993,752,mainz_000001_041647_leftImg8bit,0,1,1,2,0
994,1082,mainz_000001_041797_leftImg8bit,0,1,1,1,1
995,1318,mainz_000001_041887_leftImg8bit,0,0,1,1,1
996,1113,mainz_000001_041923_leftImg8bit,1,0,0,0,1
997,68,mainz_000001_042121_leftImg8bit,0,0,0,6,0
998,332,mainz_000001_042400_leftImg8bit,0,1,0,0,0
999,963,mainz_000001_042851_leftImg8bit,0,0,1,4,0
1000,395,mainz_000001_043656_leftImg8bit,1,0,1,2,0
1001,838,mainz_000001_043886_leftImg8bit,0,1,1,5,0
1002,1259,mainz_000001_044366_leftImg8bit,0,1,1,1,0
1003,903,mainz_000001_044619_leftImg8bit,1,0,1,6,1
1004,785,mainz_000001_045197_leftImg8bit,1,1,0,6,1
1005,347,mainz_000001_045385_leftImg8bit,1,0,1,6,0
1006,431,mainz_000001_045651_leftImg8bit,0,0,1,2,1
1007,776,mainz_000001_045782_leftImg8bit,1,1,0,6,1
1008,1276,mainz_000001_046381_leftImg8bit,0,0,0,6,0
1009,192,mainz_000001_046981_leftImg8bit,0,1,1,3,0
1010,1285,mainz_000001_047546_leftImg8bit,0,0,1,1,1
1011,502,mainz_000001_047611_leftImg8bit,0,0,0,3,1
1012,1320,mainz_000001_047888_leftImg8bit,1,1,0,6,1
1013,1145,mainz_000001_048725_leftImg8bit,0,1,0,5,0
1014,1094,mainz_000002_000061_leftImg8bit,1,0,1,1,1
1015,328,mainz_000002_000181_leftImg8bit,1,1,1,0,0
1016,1090,mainz_000002_000381_leftImg8bit,0,1,1,1,0
1017,183,mainz_000002_000912_leftImg8bit,1,1,0,4,1
1018,1066,mainz_000002_001747_leftImg8bit,1,1,0,1,1
1019,940,mainz_000002_001871_leftImg8bit,1,1,1,5,0
1020,883,mainz_000002_002279_leftImg8bit,1,0,1,2,0
1021,1381,mainz_000003_000043_leftImg8bit,0,1,0,6,0
1022,1182,mainz_000003_000968_leftImg8bit,1,1,1,6,1
1023,386,mainz_000003_001465_leftImg8bit,0,1,0,4,0
1024,162,mainz_000003_001694_leftImg8bit,0,1,0,5,0
1025,1216,mainz_000003_001899_leftImg8bit,1,0,0,6,1
1026,1317,mainz_000003_003042_leftImg8bit,1,1,1,4,1
1027,45,mainz_000003_003455_leftImg8bit,1,1,1,0,0
1028,812,mainz_000003_003558_leftImg8bit,1,0,0,4,0
1029,691,mainz_000003_003711_leftImg8bit,0,1,0,5,0
1030,779,mainz_000003_003791_leftImg8bit,0,1,1,1,0
1031,132,mainz_000003_003942_leftImg8bit,1,1,1,3,1
1032,163,mainz_000003_004144_leftImg8bit,0,0,0,2,1
1033,1011,mainz_000003_004228_leftImg8bit,0,1,0,2,0
1034,197,mainz_000003_004576_leftImg8bit,0,0,1,6,0
1035,8,mainz_000003_004774_leftImg8bit,0,0,1,6,0
1036,14,mainz_000003_004883_leftImg8bit,1,0,1,3,0
1037,1334,mainz_000003_005029_leftImg8bit,0,0,1,3,1
1038,676,mainz_000003_005088_leftImg8bit,0,0,1,1,1
1039,877,mainz_000003_005162_leftImg8bit,1,1,1,1,0
1040,1243,mainz_000003_006478_leftImg8bit,1,0,1,5,0
1041,1151,mainz_000003_006863_leftImg8bit,1,0,0,6,1
1042,958,mainz_000003_007024_leftImg8bit,1,1,1,3,0
1043,775,mainz_000003_007144_leftImg8bit,1,0,1,0,0
1044,1380,mainz_000003_007255_leftImg8bit,1,1,0,4,0
1045,373,mainz_000003_007701_leftImg8bit,1,1,0,6,0
1046,1068,mainz_000003_008258_leftImg8bit,1,0,1,0,0
1047,158,mainz_000003_008690_leftImg8bit,1,1,1,1,1
1048,423,mainz_000003_008876_leftImg8bit,0,1,1,6,1
1049,121,mainz_000003_009819_leftImg8bit,1,0,0,0,1
1050,989,mainz_000003_010019_leftImg8bit,0,0,1,4,1
1051,837,mainz_000003_010772_leftImg8bit,0,1,1,4,0
1052,1055,mainz_000003_010880_leftImg8bit,1,1,0,1,0
1053,169,mainz_000003_010924_leftImg8bit,0,0,0,4,0
1054,1091,mainz_000003_011182_leftImg8bit,0,0,0,6,1
1055,919,mainz_000003_011352_leftImg8bit,1,0,0,3,1
1056,950,mainz_000003_011949_leftImg8bit,1,0,1,2,0
1057,1038,mainz_000003_012168_leftImg8bit,0,1,1,5,0
1058,1316,mainz_000003_012341_leftImg8bit,1,0,0,0,0
1059,1322,mainz_000003_012995_leftImg8bit,1,0,0,4,0
1060,624,mainz_000003_013348_leftImg8bit,1,1,1,3,0
1061,297,mainz_000003_013983_leftImg8bit,1,1,1,6,1
1062,28,mainz_000003_014083_leftImg8bit,0,0,1,4,0
1063,1337,mainz_000003_014319_leftImg8bit,0,1,1,0,1
1064,913,mainz_000003_014457_leftImg8bit,1,1,0,6,0
1065,934,mainz_000003_014537_leftImg8bit,0,0,0,0,1
1066,55,mainz_000003_014959_leftImg8bit,0,0,1,6,0
1067,764,mainz_000003_015411_leftImg8bit,1,1,1,6,1
1068,725,mainz_000003_015649_leftImg8bit,0,1,0,2,0
1069,1077,mainz_000003_015917_leftImg8bit,0,1,1,5,1
1070,1065,mainz_000003_016360_leftImg8bit,0,1,1,6,1
1071,10,mainz_000003_016542_leftImg8bit,1,1,0,5,1
1072,1224,mainz_000003_016708_leftImg8bit,0,0,0,1,0
1073,428,mainz_000003_016877_leftImg8bit,1,1,0,5,0
1074,1184,mainz_000003_017171_leftImg8bit,1,1,0,6,1
1075,1342,munich_000000_000019_leftImg8bit,1,0,0,3,0
1076,1218,munich_000001_000019_leftImg8bit,0,0,0,1,1
1077,879,munich_000002_000019_leftImg8bit,0,1,0,6,1
1078,72,munich_000003_000019_leftImg8bit,0,1,0,6,1
1079,1029,munich_000004_000019_leftImg8bit,0,1,1,3,0
1080,79,munich_000005_000019_leftImg8bit,0,0,0,0,1
1081,645,munich_000006_000019_leftImg8bit,0,0,0,6,0
1082,801,munich_000007_000019_leftImg8bit,1,1,0,6,1
1083,723,munich_000008_000019_leftImg8bit,1,0,1,3,0
1084,936,munich_000009_000019_leftImg8bit,1,1,0,3,0
1085,365,munich_000010_000019_leftImg8bit,1,0,1,2,1
1086,847,munich_000011_000019_leftImg8bit,0,1,0,2,0
1087,1232,munich_000012_000019_leftImg8bit,1,0,1,2,0
1088,543,munich_000013_000019_leftImg8bit,1,0,0,0,1
1089,589,munich_000014_000019_leftImg8bit,1,0,1,1,1
1090,1128,munich_000015_000019_leftImg8bit,0,1,1,5,0
1091,87,munich_000016_000019_leftImg8bit,1,1,1,2,0
1092,638,munich_000017_000019_leftImg8bit,0,1,1,5,1
1093,869,munich_000018_000019_leftImg8bit,1,1,1,4,0
1094,850,munich_000019_000019_leftImg8bit,0,1,0,5,0
1095,1157,munich_000020_000019_leftImg8bit,1,0,0,1,1
1096,1226,munich_000021_000019_leftImg8bit,0,1,1,5,1
1097,1383,munich_000022_000019_leftImg8bit,1,0,0,4,1
1098,1396,munich_000023_000019_leftImg8bit,1,0,0,3,0
1099,1028,munich_000024_000019_leftImg8bit,0,1,0,5,0
1100,679,munich_000025_000019_leftImg8bit,0,1,0,0,1
1101,683,munich_000026_000019_leftImg8bit,0,0,1,3,0
1102,955,munich_000027_000019_leftImg8bit,0,0,1,6,1
1103,1088,munich_000028_000019_leftImg8bit,0,0,0,1,0
1104,292,munich_000029_000019_leftImg8bit,0,1,1,1,0
1105,358,munich_000030_000019_leftImg8bit,1,1,1,4,0
1106,653,munich_000031_000019_leftImg8bit,0,1,0,0,1
1107,1235,munich_000032_000019_leftImg8bit,1,1,0,4,1
1108,65,munich_000033_000019_leftImg8bit,0,1,0,4,1
1109,780,munich_000034_000019_leftImg8bit,0,0,1,3,0
1110,459,munich_000035_000019_leftImg8bit,1,1,1,1,0
1111,343,munich_000036_000019_leftImg8bit,0,0,1,0,0
1112,1325,munich_000037_000019_leftImg8bit,1,1,0,2,0
1113,306,munich_000038_000019_leftImg8bit,0,1,0,1,1
1114,9,munich_000039_000019_leftImg8bit,0,1,0,1,1
1115,1354,munich_000040_000019_leftImg8bit,0,1,1,4,1
1116,264,munich_000041_000019_leftImg8bit,1,1,0,6,1
1117,166,munich_000042_000019_leftImg8bit,0,1,0,0,0
1118,422,munich_000043_000019_leftImg8bit,0,1,1,1,0
1119,13,munich_000044_000019_leftImg8bit,1,1,1,4,1
1120,474,munich_000045_000019_leftImg8bit,1,1,1,4,1
1121,574,munich_000046_000019_leftImg8bit,0,1,1,6,0
1122,1062,munich_000047_000019_leftImg8bit,1,0,0,3,1
1123,313,munich_000048_000019_leftImg8bit,0,0,1,1,0
1124,868,munich_000049_000019_leftImg8bit,1,1,1,3,0
1125,550,munich_000050_000019_leftImg8bit,0,1,0,3,0
1126,202,munich_000051_000019_leftImg8bit,1,1,0,5,0
1127,542,munich_000052_000019_leftImg8bit,0,1,1,3,0
1128,995,munich_000053_000019_leftImg8bit,0,1,1,2,0
1129,660,munich_000054_000019_leftImg8bit,1,1,1,0,1
1130,1293,munich_000055_000019_leftImg8bit,1,0,1,1,0
1131,1425,munich_000056_000019_leftImg8bit,1,0,0,0,1
1132,941,munich_000057_000019_leftImg8bit,1,1,0,0,0
1133,1241,munich_000058_000019_leftImg8bit,1,0,0,6,0
1134,27,munich_000059_000019_leftImg8bit,1,1,1,2,0
1135,392,munich_000060_000019_leftImg8bit,1,0,1,5,1
1136,2,munich_000061_000019_leftImg8bit,0,0,1,4,0
1137,497,munich_000062_000019_leftImg8bit,0,0,0,2,1
1138,1336,munich_000063_000019_leftImg8bit,1,0,0,6,0
1139,405,munich_000064_000019_leftImg8bit,0,0,1,2,1
1140,917,munich_000065_000019_leftImg8bit,1,1,1,2,1
1141,518,munich_000066_000019_leftImg8bit,1,1,0,6,1
1142,881,munich_000067_000019_leftImg8bit,0,0,1,5,1
1143,131,munich_000068_000019_leftImg8bit,1,1,0,3,0
1144,694,munich_000069_000019_leftImg8bit,1,0,1,1,0
1145,824,munich_000070_000019_leftImg8bit,1,0,0,1,1
1146,546,munich_000071_000019_leftImg8bit,1,0,0,0,0
1147,1048,munich_000072_000019_leftImg8bit,0,0,0,1,1
1148,1200,munich_000073_000019_leftImg8bit,0,1,1,4,1
1149,429,munich_000074_000019_leftImg8bit,0,0,0,5,0
1150,494,munich_000075_000019_leftImg8bit,1,0,1,6,1
1151,700,munich_000076_000019_leftImg8bit,0,0,1,1,1
1152,330,munich_000077_000019_leftImg8bit,1,1,1,5,0
1153,858,munich_000078_000019_leftImg8bit,1,0,1,3,1
1154,1333,munich_000079_000019_leftImg8bit,1,0,1,4,0
1155,985,munich_000080_000019_leftImg8bit,1,1,0,1,1
1156,1347,munich_000081_000019_leftImg8bit,1,0,0,0,0
1157,580,munich_000082_000019_leftImg8bit,0,0,0,4,1
1158,805,munich_000083_000019_leftImg8bit,0,0,1,2,1
1159,781,munich_000086_000019_leftImg8bit,1,1,0,0,0
1160,1056,munich_000087_000019_leftImg8bit,0,0,0,3,0
1161,789,munich_000088_000019_leftImg8bit,1,1,0,2,0
1162,994,munich_000089_000019_leftImg8bit,1,1,1,4,1
1163,833,munich_000090_000019_leftImg8bit,1,0,0,1,0
1164,184,munich_000092_000019_leftImg8bit,0,1,1,1,0
1165,975,munich_000093_000019_leftImg8bit,0,0,0,5,0
1166,256,munich_000094_000019_leftImg8bit,0,1,0,4,0
1167,1170,munich_000095_000019_leftImg8bit,1,1,0,2,1
1168,316,munich_000096_000019_leftImg8bit,0,1,0,0,0
1169,352,munich_000097_000019_leftImg8bit,1,0,0,2,0
1170,1142,munich_000098_000019_leftImg8bit,0,0,1,2,1
1171,203,munich_000099_000019_leftImg8bit,0,0,1,2,1
1172,188,munich_000100_000019_leftImg8bit,1,0,1,3,0
1173,1123,munich_000101_000019_leftImg8bit,1,0,0,6,1
1174,997,munich_000102_000019_leftImg8bit,1,1,1,5,1
1175,268,munich_000103_000019_leftImg8bit,0,0,0,3,0
1176,484,munich_000104_000019_leftImg8bit,1,1,0,4,0
1177,1378,munich_000105_000019_leftImg8bit,1,1,0,4,1
1178,648,munich_000106_000019_leftImg8bit,1,0,0,6,1
1179,1281,munich_000107_000019_leftImg8bit,0,0,0,4,1
1180,455,munich_000108_000019_leftImg8bit,1,1,0,3,0
1181,1260,munich_000110_000019_leftImg8bit,0,0,1,5,1
1182,12,munich_000111_000019_leftImg8bit,1,0,1,5,0
1183,19,munich_000112_000019_leftImg8bit,1,0,0,4,1
1184,206,munich_000113_000019_leftImg8bit,0,1,1,0,0
1185,1034,munich_000114_000019_leftImg8bit,0,1,1,0,0
1186,500,munich_000115_000019_leftImg8bit,0,0,1,2,0
1187,1115,munich_000116_000019_leftImg8bit,0,0,1,2,1
1188,578,munich_000117_000019_leftImg8bit,0,1,1,1,0
1189,897,munich_000118_000019_leftImg8bit,1,0,0,5,0
1190,981,munich_000119_000019_leftImg8bit,1,0,0,6,1
1191,366,munich_000120_000019_leftImg8bit,1,0,1,5,0
1192,705,munich_000121_000019_leftImg8bit,1,1,1,1,1
1193,38,munich_000122_000019_leftImg8bit,1,0,1,2,1
1194,628,munich_000123_000019_leftImg8bit,0,1,1,4,0
1195,129,munich_000124_000019_leftImg8bit,0,0,1,2,1
1196,43,munich_000125_000019_leftImg8bit,0,0,0,2,1
1197,443,munich_000126_000019_leftImg8bit,1,0,1,3,0
1198,1167,munich_000127_000019_leftImg8bit,1,1,0,1,1
1199,608,munich_000128_000019_leftImg8bit,0,0,0,6,0
1200,1214,munich_000129_000019_leftImg8bit,0,0,1,0,1
1201,746,munich_000130_000019_leftImg8bit,1,0,1,0,0
1202,1136,munich_000131_000019_leftImg8bit,1,1,1,0,1
1203,212,munich_000132_000019_leftImg8bit,1,1,1,6,0
1204,331,munich_000133_000019_leftImg8bit,0,1,0,2,0
1205,1250,munich_000134_000019_leftImg8bit,1,0,0,3,0
1206,1231,munich_000135_000019_leftImg8bit,0,1,0,4,0
1207,291,munich_000136_000019_leftImg8bit,0,0,0,0,0
1208,381,munich_000137_000019_leftImg8bit,1,1,1,3,1
1209,845,munich_000138_000019_leftImg8bit,1,0,1,3,1
1210,294,munich_000139_000019_leftImg8bit,0,0,1,0,0
1211,1397,munich_000140_000019_leftImg8bit,1,0,1,6,1
1212,419,munich_000142_000019_leftImg8bit,1,0,1,3,0
1213,466,munich_000143_000019_leftImg8bit,0,1,0,0,1
1214,759,munich_000144_000019_leftImg8bit,0,1,1,4,0
1215,1116,munich_000145_000019_leftImg8bit,0,0,1,1,0
1216,1064,munich_000146_000019_leftImg8bit,0,0,0,6,0
1217,363,munich_000148_000019_leftImg8bit,0,0,0,5,1
1218,1119,munich_000149_000019_leftImg8bit,1,1,1,2,1
1219,52,munich_000150_000019_leftImg8bit,0,1,1,6,1
1220,972,munich_000151_000019_leftImg8bit,0,0,0,0,0
1221,559,munich_000153_000019_leftImg8bit,1,1,1,2,0
1222,444,munich_000154_000019_leftImg8bit,1,1,0,4,0
1223,80,munich_000155_000019_leftImg8bit,1,1,1,0,1
1224,673,munich_000156_000019_leftImg8bit,0,0,1,2,0
1225,283,munich_000157_000019_leftImg8bit,1,0,1,6,0
1226,1013,munich_000158_000019_leftImg8bit,1,0,1,2,1
1227,1017,munich_000159_000019_leftImg8bit,0,0,1,4,0
1228,269,munich_000160_000019_leftImg8bit,0,0,0,4,0
1229,1127,munich_000161_000019_leftImg8bit,1,0,0,5,1
1230,767,munich_000162_000019_leftImg8bit,1,0,1,6,0
1231,1432,munich_000163_000019_leftImg8bit,1,0,1,0,0
1232,496,munich_000164_000019_leftImg8bit,0,1,0,6,0
1233,794,munich_000165_000019_leftImg8bit,0,1,1,2,0
1234,1206,munich_000166_000019_leftImg8bit,1,1,1,5,1
1235,978,munich_000167_000019_leftImg8bit,1,1,0,3,1
1236,626,munich_000168_000019_leftImg8bit,0,0,1,3,0
1237,30,munich_000169_000019_leftImg8bit,0,0,1,3,1
1238,644,munich_000170_000019_leftImg8bit,1,0,1,5,1
1239,62,munich_000172_000019_leftImg8bit,0,0,1,3,1
1240,821,munich_000174_000019_leftImg8bit,0,0,0,5,0
1241,217,munich_000175_000019_leftImg8bit,0,0,0,4,0
1242,1010,munich_000176_000019_leftImg8bit,0,1,0,0,0
1243,1070,munich_000177_000019_leftImg8bit,0,1,0,4,1
1244,1252,munich_000178_000019_leftImg8bit,1,0,0,2,0
1245,1121,munich_000179_000019_leftImg8bit,0,0,1,1,0
1246,623,munich_000180_000019_leftImg8bit,0,1,1,3,0
1247,436,munich_000181_000019_leftImg8bit,0,0,1,6,1
1248,342,munich_000182_000019_leftImg8bit,0,1,0,3,0
1249,854,munich_000183_000019_leftImg8bit,1,0,1,2,0
1250,457,munich_000184_000019_leftImg8bit,0,0,1,5,1
1251,277,munich_000185_000019_leftImg8bit,0,1,0,4,1
1252,105,munich_000186_000019_leftImg8bit,1,0,1,6,0
1253,749,munich_000188_000019_leftImg8bit,1,1,1,3,1
1254,593,munich_000189_000019_leftImg8bit,1,1,1,2,0
1255,611,munich_000192_000019_leftImg8bit,0,0,1,4,1
1256,513,munich_000194_000019_leftImg8bit,0,1,0,4,0
1257,797,munich_000195_000019_leftImg8bit,1,1,0,5,0
1258,271,munich_000196_000019_leftImg8bit,1,1,0,2,0
1259,1025,munich_000197_000019_leftImg8bit,1,0,0,0,0
1260,1143,munich_000198_000019_leftImg8bit,0,0,1,3,0
1261,1355,munich_000199_000019_leftImg8bit,0,1,0,4,0
1262,944,munich_000200_000019_leftImg8bit,1,1,0,0,1
1263,613,munich_000201_000019_leftImg8bit,1,1,0,3,1
1264,783,munich_000202_000019_leftImg8bit,1,0,1,4,0
1265,350,munich_000203_000019_leftImg8bit,1,0,0,2,1
1266,470,munich_000204_000019_leftImg8bit,0,1,1,1,0
1267,1291,munich_000205_000019_leftImg8bit,0,1,0,0,0
1268,890,munich_000206_000019_leftImg8bit,0,0,1,3,1
1269,300,munich_000207_000019_leftImg8bit,0,0,0,2,1
1270,1084,munich_000208_000019_leftImg8bit,0,0,1,0,0
1271,1169,munich_000209_000019_leftImg8bit,1,1,1,6,1
1272,1027,munich_000214_000019_leftImg8bit,0,1,1,5,0
1273,1083,munich_000215_000019_leftImg8bit,0,0,1,5,0
1274,865,munich_000216_000019_leftImg8bit,1,1,0,3,0
1275,656,munich_000217_000019_leftImg8bit,1,0,0,2,0
1276,481,munich_000218_000019_leftImg8bit,1,1,0,6,1
1277,930,munich_000225_000019_leftImg8bit,0,1,0,5,1
1278,1155,munich_000226_000019_leftImg8bit,0,1,0,1,0
1279,143,munich_000227_000019_leftImg8bit,1,1,0,5,0
1280,1131,munich_000228_000019_leftImg8bit,1,0,1,2,1
1281,215,munich_000229_000019_leftImg8bit,1,0,1,3,1
1282,1139,munich_000230_000019_leftImg8bit,1,1,0,1,0
1283,304,munich_000231_000019_leftImg8bit,0,0,1,4,0
1284,59,munich_000232_000019_leftImg8bit,1,0,0,2,1
1285,1132,munich_000233_000019_leftImg8bit,0,0,0,3,0
1286,1349,munich_000234_000019_leftImg8bit,0,0,0,4,1
1287,1437,munich_000235_000019_leftImg8bit,0,1,0,4,1
1288,718,munich_000236_000019_leftImg8bit,1,0,1,2,0
1289,70,munich_000237_000019_leftImg8bit,1,1,0,6,1
1290,458,munich_000238_000019_leftImg8bit,0,1,0,1,1
1291,538,munich_000239_000019_leftImg8bit,1,1,1,6,0
1292,819,munich_000240_000019_leftImg8bit,1,0,1,0,0
1293,1363,munich_000241_000019_leftImg8bit,0,1,0,0,0
1294,680,munich_000243_000019_leftImg8bit,0,1,0,2,1
1295,353,munich_000244_000019_leftImg8bit,1,0,0,2,1
1296,141,munich_000245_000019_leftImg8bit,1,1,1,5,0
1297,828,munich_000246_000019_leftImg8bit,0,0,0,2,0
1298,279,munich_000247_000019_leftImg8bit,1,1,0,1,1
1299,193,munich_000248_000019_leftImg8bit,0,1,1,6,1
1300,125,munich_000249_000019_leftImg8bit,0,0,0,3,1
1301,309,munich_000250_000019_leftImg8bit,1,0,0,0,1
1302,655,munich_000251_000019_leftImg8bit,1,0,0,2,1
1303,196,munich_000252_000019_leftImg8bit,0,0,1,4,1
1304,848,munich_000253_000019_leftImg8bit,0,1,0,2,0
1305,1124,munich_000254_000019_leftImg8bit,1,1,1,5,0
1306,469,munich_000255_000019_leftImg8bit,1,0,0,1,0
1307,323,munich_000256_000019_leftImg8bit,0,1,1,2,1
1308,124,munich_000257_000019_leftImg8bit,1,0,1,0,0
1309,898,munich_000258_000019_leftImg8bit,0,1,1,3,1
1310,1278,munich_000259_000019_leftImg8bit,1,1,1,2,1
1311,137,munich_000260_000019_leftImg8bit,0,0,0,2,0
1312,525,munich_000261_000019_leftImg8bit,0,1,1,3,1
1313,857,munich_000262_000019_leftImg8bit,0,0,0,3,1
1314,367,munich_000263_000019_leftImg8bit,1,1,0,3,0
1315,1187,munich_000265_000019_leftImg8bit,1,0,0,3,0
1316,714,munich_000266_000019_leftImg8bit,0,1,0,4,0
1317,238,munich_000267_000019_leftImg8bit,0,0,1,6,0
1318,892,munich_000268_000019_leftImg8bit,1,1,0,1,0
1319,1148,munich_000269_000019_leftImg8bit,0,0,1,6,0
1320,630,munich_000270_000019_leftImg8bit,1,0,1,5,1
1321,609,munich_000271_000019_leftImg8bit,1,1,0,1,0
1322,576,munich_000272_000019_leftImg8bit,1,0,1,2,0
1323,1410,munich_000273_000019_leftImg8bit,1,1,1,1,1
1324,1208,munich_000274_000019_leftImg8bit,0,0,0,6,0
1325,1059,munich_000275_000019_leftImg8bit,1,1,0,4,1
1326,1207,munich_000276_000019_leftImg8bit,0,0,1,5,1
1327,1004,munich_000277_000019_leftImg8bit,0,0,0,5,1
1328,1305,munich_000278_000019_leftImg8bit,1,1,1,5,1
1329,102,munich_000279_000019_leftImg8bit,0,0,0,0,0
1330,130,munich_000280_000019_leftImg8bit,0,0,0,3,1
1331,99,munich_000281_000019_leftImg8bit,1,0,1,2,0
1332,1097,munich_000282_000019_leftImg8bit,1,1,1,3,0
1333,450,munich_000283_000019_leftImg8bit,0,0,1,6,1
1334,595,munich_000284_000019_leftImg8bit,1,0,1,0,1
1335,537,munich_000285_000019_leftImg8bit,0,1,1,5,0
1336,1393,munich_000286_000019_leftImg8bit,1,0,1,2,1
1337,417,munich_000287_000019_leftImg8bit,0,0,0,4,1
1338,60,munich_000288_000019_leftImg8bit,1,1,1,1,0
1339,1176,munich_000289_000019_leftImg8bit,1,1,1,3,1
1340,1047,munich_000290_000019_leftImg8bit,1,1,0,6,0
1341,462,munich_000291_000019_leftImg8bit,1,1,0,4,1
1342,333,munich_000293_000019_leftImg8bit,0,1,1,1,0
1343,1032,munich_000295_000019_leftImg8bit,1,1,1,5,0
1344,867,munich_000296_000019_leftImg8bit,0,1,1,3,0
1345,400,munich_000297_000019_leftImg8bit,0,0,0,4,1
1346,548,munich_000298_000019_leftImg8bit,0,1,0,6,0
1347,473,munich_000299_000019_leftImg8bit,1,1,0,6,0
1348,255,munich_000300_000019_leftImg8bit,1,1,0,3,0
1349,286,munich_000301_000019_leftImg8bit,1,1,1,6,1
1350,1000,munich_000303_000019_leftImg8bit,1,0,0,1,1
1351,1438,munich_000304_000019_leftImg8bit,0,1,1,3,0
1352,198,munich_000305_000019_leftImg8bit,0,1,1,1,0
1353,658,munich_000306_000019_leftImg8bit,0,1,1,1,1
1354,661,munich_000307_000019_leftImg8bit,1,1,0,1,1
1355,157,munich_000308_000019_leftImg8bit,0,0,1,0,1
1356,808,munich_000310_000019_leftImg8bit,1,0,1,4,1
1357,67,munich_000311_000019_leftImg8bit,1,1,0,3,1
1358,1222,munich_000312_000019_leftImg8bit,0,0,0,4,1
1359,1117,munich_000314_000019_leftImg8bit,1,1,0,4,1
1360,863,munich_000316_000019_leftImg8bit,1,1,0,2,0
1361,1202,munich_000317_000019_leftImg8bit,1,0,1,5,1
1362,101,munich_000318_000019_leftImg8bit,0,1,0,2,1
1363,1249,munich_000319_000019_leftImg8bit,0,1,1,3,0
1364,652,munich_000320_000019_leftImg8bit,0,0,0,0,1
1365,569,munich_000321_000019_leftImg8bit,0,0,0,5,1
1366,524,munich_000322_000019_leftImg8bit,0,0,0,6,0
1367,791,munich_000323_000019_leftImg8bit,1,0,0,4,1
1368,370,munich_000324_000019_leftImg8bit,1,0,0,2,1
1369,92,munich_000325_000019_leftImg8bit,1,1,0,5,0
1370,659,munich_000326_000019_leftImg8bit,1,1,0,4,1
1371,720,munich_000327_000019_leftImg8bit,0,1,0,0,1
1372,390,munich_000329_000019_leftImg8bit,1,1,0,5,0
1373,1368,munich_000330_000019_leftImg8bit,0,1,0,4,0
1374,190,munich_000331_000019_leftImg8bit,0,0,1,2,1
1375,736,munich_000333_000019_leftImg8bit,0,0,0,0,1
1376,675,munich_000334_000019_leftImg8bit,0,1,1,6,0
1377,385,munich_000335_000019_leftImg8bit,0,0,1,5,0
1378,155,munich_000336_000019_leftImg8bit,0,0,0,0,1
1379,401,munich_000337_000019_leftImg8bit,0,1,0,0,1
1380,992,munich_000338_000019_leftImg8bit,1,1,0,2,1
1381,165,munich_000339_000019_leftImg8bit,0,0,0,3,0
1382,610,munich_000340_000019_leftImg8bit,0,1,0,3,1
1383,439,munich_000341_000019_leftImg8bit,1,1,1,0,0
1384,115,munich_000342_000019_leftImg8bit,0,1,0,1,1
1385,606,munich_000343_000019_leftImg8bit,0,1,1,5,1
1386,1190,munich_000344_000019_leftImg8bit,0,0,1,0,0
1387,1238,munich_000345_000019_leftImg8bit,1,0,1,2,0
1388,82,munich_000346_000019_leftImg8bit,0,0,0,2,1
1389,635,munich_000347_000019_leftImg8bit,0,1,1,0,1
1390,742,munich_000349_000019_leftImg8bit,1,0,0,1,1
1391,491,munich_000350_000019_leftImg8bit,0,0,1,1,1
1392,1120,munich_000351_000019_leftImg8bit,0,1,1,5,0
1393,98,munich_000352_000019_leftImg8bit,1,1,1,4,1
1394,173,munich_000353_000019_leftImg8bit,1,0,1,2,0
1395,806,munich_000354_000019_leftImg8bit,0,1,0,4,1
1396,1419,munich_000355_000019_leftImg8bit,1,0,1,3,1
1397,273,munich_000356_000019_leftImg8bit,1,1,1,4,1
1398,171,munich_000357_000019_leftImg8bit,1,0,0,2,1
1399,1138,munich_000358_000019_leftImg8bit,1,0,0,0,0
1400,114,munich_000359_000019_leftImg8bit,1,0,0,2,0
1401,843,munich_000360_000019_leftImg8bit,0,1,0,1,0
1402,901,munich_000361_000019_leftImg8bit,0,1,0,2,0
1403,172,munich_000362_000019_leftImg8bit,1,1,0,3,0
1404,800,munich_000363_000019_leftImg8bit,0,0,0,6,0
1405,604,munich_000364_000019_leftImg8bit,1,1,0,3,0
1406,979,munich_000365_000019_leftImg8bit,1,0,1,5,0
1407,818,munich_000366_000019_leftImg8bit,1,1,1,0,1
1408,1408,munich_000367_000019_leftImg8bit,1,0,0,2,1
1409,1212,munich_000368_000019_leftImg8bit,0,1,0,0,1
1410,1287,munich_000369_000019_leftImg8bit,0,1,0,4,0
1411,710,munich_000370_000019_leftImg8bit,0,1,1,3,1
1412,176,munich_000371_000019_leftImg8bit,0,0,1,2,1
1413,1299,munich_000372_000019_leftImg8bit,1,0,1,5,1
1414,693,munich_000373_000019_leftImg8bit,1,1,1,1,0
1415,156,munich_000374_000019_leftImg8bit,1,0,0,0,0
1416,809,munich_000375_000019_leftImg8bit,1,0,0,5,1
1417,1262,munich_000376_000019_leftImg8bit,0,0,0,1,0
1418,707,munich_000377_000019_leftImg8bit,0,0,0,5,0
1419,416,munich_000378_000019_leftImg8bit,0,1,1,2,1
1420,1269,munich_000379_000019_leftImg8bit,1,1,0,5,0
1421,1050,munich_000380_000019_leftImg8bit,1,1,1,6,1
1422,1398,munich_000381_000019_leftImg8bit,0,1,0,4,0
1423,964,munich_000382_000019_leftImg8bit,1,0,0,4,0
1424,959,munich_000383_000019_leftImg8bit,0,0,0,2,1
1425,1392,munich_000384_000019_leftImg8bit,1,1,0,1,0
1426,602,munich_000385_000019_leftImg8bit,0,1,0,6,1
1427,553,munich_000386_000019_leftImg8bit,1,1,0,4,1
1428,1026,munich_000387_000019_leftImg8bit,1,1,0,6,0
1429,1213,munich_000388_000019_leftImg8bit,1,0,1,4,0
1430,1217,munich_000389_000019_leftImg8bit,1,1,0,1,0
1431,284,munich_000390_000019_leftImg8bit,1,0,1,0,1
1432,560,munich_000391_000019_leftImg8bit,1,0,1,1,0
1433,209,munich_000392_000019_leftImg8bit,1,0,1,0,0
1434,426,munich_000393_000019_leftImg8bit,1,1,0,6,1
1435,1063,munich_000394_000019_leftImg8bit,1,1,0,6,1
1436,1102,munich_000395_000019_leftImg8bit,0,1,0,3,0
1437,168,munich_000396_000019_leftImg8bit,1,1,1,0,1
1438,418,munich_000397_000019_leftImg8bit,1,1,1,4,1
