,Unnamed: 0.2,Unnamed: 0,Filename,File_gen_instance_id,gender,age,skin-color,shirt-color,action,Unnamed: 0.1,Unnamed: 0_x,age_gt,gender_gt,skin-color_gt,shirt-color_gt,action_gt,Unnamed: 0_y,x1_list,y1_list,x2_list,y2_list,size
0,0,0,berlin_000000_000019_leftImg8bit,leftImg8bit,0,0,0,3,1,0,612,0,0,0,3,1,741,199,135,319,375,28800
1,1,1,berlin_000001_000019_leftImg8bit,leftImg8bit,0,1,0,2,0,1,251,1,0,0,2,0,662,320,127,440,367,28800
5,5,5,berlin_000005_000019_leftImg8bit,leftImg8bit,1,1,0,4,1,5,529,1,1,0,4,1,75,356,179,406,279,5000
6,6,6,berlin_000006_000019_leftImg8bit,leftImg8bit,0,1,0,3,1,6,1417,1,0,0,3,1,934,358,130,478,370,28800
7,7,7,berlin_000007_000019_leftImg8bit,leftImg8bit,1,0,0,4,0,7,1126,0,1,0,4,0,20,362,113,482,353,28800
9,9,9,berlin_000009_000019_leftImg8bit,leftImg8bit,0,1,0,4,0,9,853,1,0,0,4,0,921,355,205,405,305,5000
10,10,10,berlin_000010_000019_leftImg8bit,leftImg8bit,1,1,0,1,1,10,988,1,1,0,1,1,1,321,129,441,369,28800
11,11,11,berlin_000011_000019_leftImg8bit,leftImg8bit,0,1,1,1,0,11,584,1,0,1,1,0,256,188,186,238,286,5000
12,12,12,berlin_000012_000019_leftImg8bit,leftImg8bit,0,0,0,6,0,12,448,0,0,0,6,0,42,392,174,467,324,11250
14,14,14,berlin_000014_000019_leftImg8bit,leftImg8bit,0,1,1,2,0,14,521,1,0,1,2,0,128,416,156,491,306,11250
15,15,15,berlin_000015_000019_leftImg8bit,leftImg8bit,1,0,0,6,1,15,186,0,1,0,6,1,416,347,187,397,287,5000
16,16,16,berlin_000016_000019_leftImg8bit,leftImg8bit,0,0,0,3,1,16,1106,0,0,0,3,1,720,233,200,283,300,5000
17,17,17,berlin_000017_000019_leftImg8bit,leftImg8bit,0,0,0,4,1,17,519,0,0,0,4,1,1463,307,180,382,330,11250
18,18,18,berlin_000018_000019_leftImg8bit,leftImg8bit,1,0,0,1,1,18,1199,0,1,0,1,1,1189,336,122,456,362,28800
19,19,19,berlin_000019_000019_leftImg8bit,leftImg8bit,0,1,1,3,1,19,380,1,0,1,3,1,1225,395,117,515,357,28800
21,21,21,berlin_000022_000019_leftImg8bit,leftImg8bit,0,1,1,6,0,21,492,1,0,1,6,0,1238,311,200,361,300,5000
23,23,23,berlin_000024_000019_leftImg8bit,leftImg8bit,0,0,0,2,0,23,996,0,0,0,2,0,900,377,129,497,369,28800
24,24,24,berlin_000025_000019_leftImg8bit,leftImg8bit,1,1,1,2,1,24,488,1,1,1,2,1,158,298,191,348,291,5000
25,25,25,berlin_000026_000019_leftImg8bit,leftImg8bit,1,1,0,4,0,25,547,1,1,0,4,0,241,325,121,445,361,28800
29,29,29,berlin_000030_000019_leftImg8bit,leftImg8bit,1,0,0,2,0,29,761,0,1,0,2,0,1506,398,171,473,321,11250
33,33,33,berlin_000034_000019_leftImg8bit,leftImg8bit,0,1,0,1,0,33,233,1,0,0,1,0,93,354,133,474,373,28800
38,38,38,berlin_000041_000019_leftImg8bit,leftImg8bit,1,1,0,2,1,38,483,1,1,0,2,1,1240,314,198,364,298,5000
39,39,39,berlin_000042_000019_leftImg8bit,leftImg8bit,1,1,0,2,1,39,719,1,1,0,2,1,333,382,112,502,352,28800
41,41,41,berlin_000044_000019_leftImg8bit,leftImg8bit,0,1,0,2,1,41,1053,1,0,0,2,1,680,381,193,431,293,5000
43,43,43,berlin_000047_000019_leftImg8bit,leftImg8bit,1,0,0,3,1,43,1353,0,1,0,3,1,1511,287,135,407,375,28800
44,44,44,berlin_000048_000019_leftImg8bit,leftImg8bit,0,1,1,4,1,44,668,1,0,1,4,1,276,263,130,383,370,28800
45,45,45,berlin_000049_000019_leftImg8bit,leftImg8bit,0,1,1,3,0,45,1044,1,0,1,3,0,1432,260,189,310,289,5000
48,48,48,berlin_000052_000019_leftImg8bit,leftImg8bit,1,0,0,2,0,48,239,0,1,0,2,0,1212,170,129,290,369,28800
49,49,49,berlin_000053_000019_leftImg8bit,leftImg8bit,0,1,1,0,1,49,1194,1,0,1,0,1,137,340,153,415,303,11250
50,50,50,berlin_000054_000019_leftImg8bit,leftImg8bit,0,0,0,6,0,50,1364,0,0,0,6,0,152,321,156,396,306,11250
52,52,52,berlin_000056_000019_leftImg8bit,leftImg8bit,1,1,0,1,0,52,637,1,1,0,1,0,1059,510,202,560,302,5000
54,54,54,berlin_000058_000019_leftImg8bit,leftImg8bit,0,1,1,2,0,54,1264,1,0,1,2,0,492,9,170,84,320,11250
57,57,57,berlin_000062_000019_leftImg8bit,leftImg8bit,1,1,1,0,1,57,625,1,1,1,0,1,220,232,205,282,305,5000
58,58,58,berlin_000063_000019_leftImg8bit,leftImg8bit,0,0,1,2,0,58,1204,0,0,1,2,0,1369,234,128,354,368,28800
59,59,59,berlin_000064_000019_leftImg8bit,leftImg8bit,1,1,1,4,1,59,357,1,1,1,4,1,415,325,185,375,285,5000
62,62,62,berlin_000068_000019_leftImg8bit,leftImg8bit,0,1,0,0,0,62,232,1,0,0,0,0,1418,434,175,509,325,11250
63,63,63,berlin_000069_000019_leftImg8bit,leftImg8bit,0,0,1,0,0,63,1086,0,0,1,0,0,326,654,200,704,300,5000
65,65,65,berlin_000071_000019_leftImg8bit,leftImg8bit,1,1,0,1,0,65,728,1,1,0,1,0,747,312,133,432,373,28800
68,68,68,berlin_000074_000019_leftImg8bit,leftImg8bit,1,0,1,6,1,68,999,0,1,1,6,1,795,264,205,314,305,5000
69,69,69,berlin_000075_000019_leftImg8bit,leftImg8bit,0,1,1,2,1,69,1105,1,0,1,2,1,383,328,173,403,323,11250
73,73,73,berlin_000081_000019_leftImg8bit,leftImg8bit,1,1,0,0,1,73,1302,1,1,0,0,1,805,304,199,354,299,5000
74,74,74,berlin_000082_000019_leftImg8bit,leftImg8bit,0,0,1,0,0,74,887,0,0,1,0,0,970,275,133,395,373,28800
76,76,76,berlin_000084_000019_leftImg8bit,leftImg8bit,1,1,1,3,1,76,826,1,1,1,3,1,403,234,126,354,366,28800
77,77,77,berlin_000086_000019_leftImg8bit,leftImg8bit,0,1,1,2,1,77,290,1,0,1,2,1,774,668,202,718,302,5000
79,79,79,berlin_000088_000019_leftImg8bit,leftImg8bit,0,1,1,2,1,79,339,1,0,1,2,1,576,422,180,497,330,11250
83,83,83,berlin_000092_000019_leftImg8bit,leftImg8bit,1,1,1,2,0,83,993,1,1,1,2,0,395,433,113,553,353,28800
86,86,86,berlin_000095_000019_leftImg8bit,leftImg8bit,0,0,0,6,0,86,957,0,0,0,6,0,7,360,100,480,340,28800
88,88,88,berlin_000097_000019_leftImg8bit,leftImg8bit,0,0,1,3,1,88,1424,0,0,1,3,1,142,301,171,376,321,11250
90,90,90,berlin_000099_000019_leftImg8bit,leftImg8bit,1,1,1,1,1,90,1229,1,1,1,1,1,484,272,164,347,314,11250
93,93,93,berlin_000102_000019_leftImg8bit,leftImg8bit,1,0,1,6,0,93,762,0,1,1,6,0,794,325,176,400,326,11250
96,96,96,berlin_000105_000019_leftImg8bit,leftImg8bit,0,1,0,3,1,96,1298,1,0,0,3,1,320,423,169,498,319,11250
98,98,98,berlin_000107_000019_leftImg8bit,leftImg8bit,0,0,0,2,0,98,73,0,0,0,2,0,592,385,174,460,324,11250
100,100,100,berlin_000109_000019_leftImg8bit,leftImg8bit,1,1,1,6,1,100,925,1,1,1,6,1,879,255,193,305,293,5000
101,101,101,berlin_000110_000019_leftImg8bit,leftImg8bit,1,0,0,2,1,101,449,0,1,0,2,1,195,286,191,336,291,5000
107,107,107,berlin_000116_000019_leftImg8bit,leftImg8bit,0,1,1,2,0,107,138,1,0,1,2,0,1030,425,130,545,370,28800
109,109,109,berlin_000118_000019_leftImg8bit,leftImg8bit,1,1,0,1,1,109,1014,1,1,0,1,1,76,670,169,745,319,11250
110,110,110,berlin_000119_000019_leftImg8bit,leftImg8bit,1,0,0,2,0,110,931,0,1,0,2,0,240,392,126,512,366,28800
114,114,114,berlin_000124_000019_leftImg8bit,leftImg8bit,0,1,0,2,1,114,476,1,0,0,2,1,893,338,197,388,297,5000
115,115,115,berlin_000125_000019_leftImg8bit,leftImg8bit,1,0,0,6,0,115,748,0,1,0,6,0,294,360,129,480,369,28800
123,123,123,berlin_000133_000019_leftImg8bit,leftImg8bit,1,1,1,1,1,123,1400,1,1,1,1,1,866,346,173,421,323,11250
125,125,125,berlin_000135_000019_leftImg8bit,leftImg8bit,1,1,0,1,0,125,1420,1,1,0,1,0,1477,638,124,758,364,28800
128,128,128,berlin_000139_000019_leftImg8bit,leftImg8bit,1,1,1,0,1,128,1018,1,1,1,0,1,1489,327,171,402,321,11250
130,130,130,berlin_000141_000019_leftImg8bit,leftImg8bit,0,0,0,0,0,130,1386,0,0,0,0,0,635,273,129,393,369,28800
132,132,132,berlin_000143_000019_leftImg8bit,leftImg8bit,0,1,1,6,0,132,368,1,0,1,6,0,1453,312,195,362,295,5000
134,134,134,berlin_000145_000019_leftImg8bit,leftImg8bit,1,1,1,4,0,134,93,1,1,1,4,0,1041,305,127,425,367,28800
136,136,136,berlin_000147_000019_leftImg8bit,leftImg8bit,1,0,1,2,0,136,179,0,1,1,2,0,423,341,159,416,309,11250
137,137,137,berlin_000148_000019_leftImg8bit,leftImg8bit,0,1,0,0,0,137,1313,1,0,0,0,0,718,443,202,493,302,5000
138,138,138,berlin_000149_000019_leftImg8bit,leftImg8bit,0,1,1,0,1,138,1085,1,0,1,0,1,1401,291,179,366,329,11250
140,140,140,berlin_000151_000019_leftImg8bit,leftImg8bit,1,1,1,2,0,140,409,1,1,1,2,0,60,340,196,390,296,5000
141,141,141,berlin_000152_000019_leftImg8bit,leftImg8bit,1,0,1,4,1,141,790,0,1,1,4,1,672,419,168,494,318,11250
145,145,145,berlin_000156_000019_leftImg8bit,leftImg8bit,1,0,0,2,0,145,698,0,1,0,2,0,1200,379,198,429,298,5000
147,147,147,berlin_000158_000019_leftImg8bit,leftImg8bit,0,0,0,3,0,147,147,0,0,0,3,0,1397,328,130,448,370,28800
150,150,150,berlin_000161_000019_leftImg8bit,leftImg8bit,1,1,0,1,1,150,1292,1,1,0,1,1,330,548,166,623,316,11250
153,153,153,berlin_000164_000019_leftImg8bit,leftImg8bit,1,1,0,0,1,153,1049,1,1,0,0,1,341,248,124,368,364,28800
154,154,154,berlin_000165_000019_leftImg8bit,leftImg8bit,0,1,0,0,0,154,288,1,0,0,0,0,566,369,177,444,327,11250
156,156,156,berlin_000167_000019_leftImg8bit,leftImg8bit,0,1,1,6,1,156,1301,1,0,1,6,1,8,380,170,455,320,11250
158,158,158,berlin_000169_000019_leftImg8bit,leftImg8bit,1,1,0,1,1,158,1146,1,1,0,1,1,1081,373,172,448,322,11250
160,160,160,berlin_000171_000019_leftImg8bit,leftImg8bit,1,0,0,1,1,160,646,0,1,0,1,1,532,344,197,394,297,5000
161,161,161,berlin_000172_000019_leftImg8bit,leftImg8bit,0,1,0,1,0,161,572,1,0,0,1,0,1452,348,161,423,311,11250
162,162,162,berlin_000174_000019_leftImg8bit,leftImg8bit,1,0,1,2,1,162,802,0,1,1,2,1,97,297,176,372,326,11250
163,163,163,berlin_000175_000019_leftImg8bit,leftImg8bit,0,1,0,4,1,163,1246,1,0,0,4,1,648,111,205,161,305,5000
166,166,166,berlin_000178_000019_leftImg8bit,leftImg8bit,0,1,1,1,1,166,555,1,0,1,1,1,10,185,178,260,328,11250
169,169,169,berlin_000181_000019_leftImg8bit,leftImg8bit,1,1,0,0,1,169,1356,1,1,0,0,1,72,442,128,562,368,28800
170,170,170,berlin_000182_000019_leftImg8bit,leftImg8bit,1,1,1,6,0,170,870,1,1,1,6,0,727,437,170,512,320,11250
173,173,173,berlin_000185_000019_leftImg8bit,leftImg8bit,1,1,1,4,1,173,1153,1,1,1,4,1,1186,491,198,541,298,5000
174,174,174,berlin_000186_000019_leftImg8bit,leftImg8bit,0,1,1,0,0,174,312,1,0,1,0,0,788,388,125,508,365,28800
175,175,175,berlin_000187_000019_leftImg8bit,leftImg8bit,1,1,0,2,1,175,415,1,1,0,2,1,130,214,164,289,314,11250
176,176,176,berlin_000188_000019_leftImg8bit,leftImg8bit,1,1,0,6,1,176,361,1,1,0,6,1,275,360,152,435,302,11250
178,178,178,berlin_000190_000019_leftImg8bit,leftImg8bit,1,0,1,6,1,178,1035,0,1,1,6,1,258,259,177,334,327,11250
179,179,179,berlin_000191_000019_leftImg8bit,leftImg8bit,1,1,1,1,0,179,1409,1,1,1,1,0,21,353,178,428,328,11250
181,181,181,berlin_000193_000019_leftImg8bit,leftImg8bit,1,0,0,2,1,181,681,0,1,0,2,1,730,306,203,356,303,5000
186,186,186,berlin_000198_000019_leftImg8bit,leftImg8bit,0,0,0,6,0,186,633,0,0,0,6,0,26,369,132,489,372,28800
187,187,187,berlin_000199_000019_leftImg8bit,leftImg8bit,1,0,0,1,1,187,117,0,1,0,1,1,163,438,180,513,330,11250
188,188,188,berlin_000200_000019_leftImg8bit,leftImg8bit,1,1,1,1,1,188,1324,1,1,1,1,1,131,351,205,401,305,5000
189,189,189,berlin_000201_000019_leftImg8bit,leftImg8bit,0,0,0,0,0,189,222,0,0,0,0,0,1228,351,131,471,371,28800
194,194,194,berlin_000207_000019_leftImg8bit,leftImg8bit,1,0,0,0,0,194,326,0,1,0,0,0,1448,313,128,433,368,28800
195,195,195,berlin_000208_000019_leftImg8bit,leftImg8bit,1,0,0,6,1,195,594,0,1,0,6,1,461,292,176,367,326,11250
198,198,198,berlin_000211_000019_leftImg8bit,leftImg8bit,0,1,0,4,1,198,839,1,0,0,4,1,70,359,178,434,328,11250
201,201,201,berlin_000214_000019_leftImg8bit,leftImg8bit,1,0,0,2,0,201,1006,0,1,0,2,0,605,249,161,324,311,11250
208,208,208,berlin_000222_000019_leftImg8bit,leftImg8bit,0,0,1,1,0,208,58,0,0,1,1,0,1368,261,170,336,320,11250
209,209,209,berlin_000223_000019_leftImg8bit,leftImg8bit,1,0,0,0,1,209,1163,0,1,0,0,1,121,322,172,397,322,11250
214,214,214,berlin_000228_000019_leftImg8bit,leftImg8bit,1,0,0,6,1,214,534,0,1,0,6,1,888,316,118,436,358,28800
222,222,222,berlin_000236_000019_leftImg8bit,leftImg8bit,1,1,1,4,1,222,1371,1,1,1,4,1,536,266,176,341,326,11250
223,223,223,berlin_000237_000019_leftImg8bit,leftImg8bit,0,1,1,3,1,223,241,1,0,1,3,1,66,375,135,495,375,28800
226,226,226,berlin_000240_000019_leftImg8bit,leftImg8bit,0,0,1,3,0,226,949,0,0,1,3,0,653,272,177,347,327,11250
227,227,227,berlin_000241_000019_leftImg8bit,leftImg8bit,0,1,1,4,0,227,1060,1,0,1,4,0,1192,280,123,400,363,28800
230,230,230,berlin_000244_000019_leftImg8bit,leftImg8bit,1,0,0,6,0,230,528,0,1,0,6,0,749,305,181,355,281,5000
231,231,231,berlin_000245_000019_leftImg8bit,leftImg8bit,1,1,0,6,1,231,1271,1,1,0,6,1,699,324,203,374,303,5000
232,232,232,berlin_000246_000019_leftImg8bit,leftImg8bit,1,0,1,6,1,232,1300,0,1,1,6,1,968,308,180,383,330,11250
233,233,233,berlin_000247_000019_leftImg8bit,leftImg8bit,0,0,1,6,1,233,278,0,0,1,6,1,797,287,134,407,374,28800
234,234,234,berlin_000248_000019_leftImg8bit,leftImg8bit,0,0,1,1,0,234,704,0,0,1,1,0,1201,317,132,437,372,28800
235,235,235,berlin_000249_000019_leftImg8bit,leftImg8bit,0,1,0,4,0,235,1357,1,0,0,4,0,1134,297,135,417,375,28800
237,237,237,berlin_000251_000019_leftImg8bit,leftImg8bit,1,1,0,4,0,237,1346,1,1,0,4,0,844,340,115,460,355,28800
240,240,240,berlin_000254_000019_leftImg8bit,leftImg8bit,1,1,0,2,1,240,97,1,1,0,2,1,1256,254,167,329,317,11250
244,244,244,berlin_000258_000019_leftImg8bit,leftImg8bit,1,1,0,6,0,244,403,1,1,0,6,0,1271,379,157,454,307,11250
246,246,246,berlin_000260_000019_leftImg8bit,leftImg8bit,0,1,0,2,1,246,986,1,0,0,2,1,942,301,135,421,375,28800
247,247,247,berlin_000261_000019_leftImg8bit,leftImg8bit,1,1,1,2,1,247,738,1,1,1,2,1,506,391,177,466,327,11250
248,248,248,berlin_000262_000019_leftImg8bit,leftImg8bit,0,1,1,0,0,248,751,1,0,1,0,0,654,426,182,476,282,5000
250,250,250,berlin_000264_000019_leftImg8bit,leftImg8bit,0,0,1,2,1,250,321,0,0,1,2,1,1293,278,194,328,294,5000
252,252,252,berlin_000266_000019_leftImg8bit,leftImg8bit,0,0,1,0,0,252,348,0,0,1,0,0,505,239,106,359,346,28800
253,253,253,berlin_000267_000019_leftImg8bit,leftImg8bit,1,1,0,2,1,253,1412,1,1,0,2,1,601,345,134,465,374,28800
257,257,257,berlin_000271_000019_leftImg8bit,leftImg8bit,1,0,1,6,0,257,772,0,1,1,6,0,956,285,202,335,302,5000
258,258,258,berlin_000272_000019_leftImg8bit,leftImg8bit,0,1,1,3,1,258,852,1,0,1,3,1,1406,408,175,483,325,11250
259,259,259,berlin_000273_000019_leftImg8bit,leftImg8bit,1,0,0,0,1,259,588,0,1,0,0,1,309,340,134,460,374,28800
260,260,260,berlin_000274_000019_leftImg8bit,leftImg8bit,0,1,0,3,0,260,910,1,0,0,3,0,999,317,174,392,324,11250
263,263,263,berlin_000277_000019_leftImg8bit,leftImg8bit,1,1,1,2,0,263,527,1,1,1,2,0,1241,364,198,414,298,5000
268,268,268,berlin_000284_000019_leftImg8bit,leftImg8bit,1,0,1,0,0,268,434,0,1,1,0,0,1338,353,171,428,321,11250
274,274,274,berlin_000290_000019_leftImg8bit,leftImg8bit,1,0,0,0,0,274,1075,0,1,0,0,0,107,274,171,349,321,11250
276,276,276,berlin_000292_000019_leftImg8bit,leftImg8bit,0,1,0,1,1,276,152,1,0,0,1,1,849,351,204,401,304,5000
278,278,278,berlin_000294_000019_leftImg8bit,leftImg8bit,1,0,1,4,0,278,308,0,1,1,4,0,429,325,173,400,323,11250
280,280,280,berlin_000296_000019_leftImg8bit,leftImg8bit,0,1,1,3,1,280,218,1,0,1,3,1,725,314,123,434,363,28800
281,281,281,berlin_000297_000019_leftImg8bit,leftImg8bit,1,0,1,2,0,281,503,0,1,1,2,0,327,138,135,258,375,28800
282,282,282,berlin_000298_000019_leftImg8bit,leftImg8bit,1,1,1,3,1,282,601,1,1,1,3,1,1215,383,162,458,312,11250
286,286,286,berlin_000302_000019_leftImg8bit,leftImg8bit,1,1,0,1,0,286,793,1,1,0,1,0,457,301,160,376,310,11250
288,288,288,berlin_000304_000019_leftImg8bit,leftImg8bit,0,0,0,6,1,288,1012,0,0,0,6,1,1308,412,195,462,295,5000
290,290,290,berlin_000306_000019_leftImg8bit,leftImg8bit,0,1,0,2,1,290,151,1,0,0,2,1,471,313,205,363,305,5000
294,294,294,berlin_000310_000019_leftImg8bit,leftImg8bit,1,1,0,1,1,294,987,1,1,0,1,1,1061,316,111,436,351,28800
300,300,300,berlin_000318_000019_leftImg8bit,leftImg8bit,0,1,1,2,0,300,1175,1,0,1,2,0,184,394,189,444,289,5000
302,302,302,berlin_000321_000019_leftImg8bit,leftImg8bit,1,1,1,4,1,302,104,1,1,1,4,1,1454,591,120,711,360,28800
303,303,303,berlin_000322_000019_leftImg8bit,leftImg8bit,1,0,0,3,1,303,1177,0,1,0,3,1,1091,292,173,367,323,11250
304,304,304,berlin_000323_000019_leftImg8bit,leftImg8bit,0,1,1,4,1,304,260,1,0,1,4,1,695,340,134,460,374,28800
305,305,305,berlin_000325_000019_leftImg8bit,leftImg8bit,1,1,1,2,1,305,754,1,1,1,2,1,343,339,184,389,284,5000
306,306,306,berlin_000326_000019_leftImg8bit,leftImg8bit,0,0,1,4,0,306,1031,0,0,1,4,0,799,180,176,255,326,11250
310,310,310,berlin_000331_000019_leftImg8bit,leftImg8bit,0,1,1,3,0,310,951,1,0,1,3,0,1274,370,178,445,328,11250
312,312,312,berlin_000333_000019_leftImg8bit,leftImg8bit,0,1,0,0,1,312,1100,1,0,0,0,1,1451,187,128,307,368,28800
314,314,314,berlin_000335_000019_leftImg8bit,leftImg8bit,1,1,1,4,0,314,1351,1,1,1,4,0,38,470,201,520,301,5000
317,317,317,berlin_000338_000019_leftImg8bit,leftImg8bit,1,1,1,0,0,317,18,1,1,1,0,0,409,327,164,402,314,11250
319,319,319,berlin_000340_000019_leftImg8bit,leftImg8bit,1,1,1,0,1,319,1076,1,1,1,0,1,757,363,114,483,354,28800
324,324,324,berlin_000345_000019_leftImg8bit,leftImg8bit,1,0,1,6,0,324,320,0,1,1,6,0,1190,331,204,381,304,5000
326,326,326,berlin_000347_000019_leftImg8bit,leftImg8bit,0,0,0,0,0,326,575,0,0,0,0,0,1346,388,173,438,273,5000
327,327,327,berlin_000348_000019_leftImg8bit,leftImg8bit,0,0,0,3,0,327,672,0,0,0,3,0,899,394,172,469,322,11250
328,328,328,berlin_000349_000019_leftImg8bit,leftImg8bit,0,1,0,2,1,328,57,1,0,0,2,1,1429,327,146,402,296,11250
330,330,330,berlin_000351_000019_leftImg8bit,leftImg8bit,1,1,0,0,1,330,170,1,1,0,0,1,1039,285,176,360,326,11250
331,331,331,berlin_000352_000019_leftImg8bit,leftImg8bit,0,0,0,1,0,331,287,0,0,0,1,0,620,349,133,469,373,28800
333,333,333,berlin_000355_000019_leftImg8bit,leftImg8bit,1,1,1,4,0,333,453,1,1,1,4,0,238,419,114,539,354,28800
336,336,336,berlin_000358_000019_leftImg8bit,leftImg8bit,1,0,0,3,0,336,25,0,1,0,3,0,1038,509,203,559,303,5000
337,337,337,berlin_000359_000019_leftImg8bit,leftImg8bit,1,0,0,6,1,337,1367,0,1,0,6,1,742,367,171,442,321,11250
339,339,339,berlin_000361_000019_leftImg8bit,leftImg8bit,1,0,0,1,1,339,1361,0,1,0,1,1,764,293,107,413,347,28800
340,340,340,berlin_000363_000019_leftImg8bit,leftImg8bit,0,0,1,3,0,340,1095,0,0,1,3,0,1048,452,174,527,324,11250
342,342,342,berlin_000365_000019_leftImg8bit,leftImg8bit,1,0,0,1,0,342,861,0,1,0,1,0,1230,688,195,738,295,5000
346,346,346,berlin_000369_000019_leftImg8bit,leftImg8bit,0,1,0,4,1,346,977,1,0,0,4,1,705,410,168,485,318,11250
354,354,354,berlin_000378_000019_leftImg8bit,leftImg8bit,1,1,1,2,0,354,1307,1,1,1,2,0,449,339,164,414,314,11250
358,358,358,berlin_000382_000019_leftImg8bit,leftImg8bit,1,0,1,0,0,358,531,0,1,1,0,0,691,317,179,392,329,11250
361,361,361,berlin_000385_000019_leftImg8bit,leftImg8bit,1,1,1,0,1,361,1093,1,1,1,0,1,226,394,191,444,291,5000
366,366,366,berlin_000390_000019_leftImg8bit,leftImg8bit,1,1,1,3,0,366,1193,1,1,1,3,0,68,391,117,511,357,28800
367,367,367,berlin_000391_000019_leftImg8bit,leftImg8bit,1,0,1,0,0,367,651,0,1,1,0,0,614,384,132,504,372,28800
368,368,368,berlin_000392_000019_leftImg8bit,leftImg8bit,0,1,0,1,0,368,974,1,0,0,1,0,638,298,175,373,325,11250
371,371,371,berlin_000395_000019_leftImg8bit,leftImg8bit,1,0,1,4,1,371,571,0,1,1,4,1,1067,308,132,428,372,28800
374,374,374,berlin_000398_000019_leftImg8bit,leftImg8bit,1,0,1,4,0,374,23,0,1,1,4,0,886,342,177,417,327,11250
378,378,378,berlin_000402_000019_leftImg8bit,leftImg8bit,1,0,1,0,1,378,289,0,1,1,0,1,1018,342,191,392,291,5000
383,383,383,berlin_000407_000019_leftImg8bit,leftImg8bit,0,0,1,2,1,383,735,0,0,1,2,1,1094,376,157,451,307,11250
385,385,385,berlin_000409_000019_leftImg8bit,leftImg8bit,0,0,1,6,1,385,91,0,0,1,6,1,704,297,159,372,309,11250
389,389,389,berlin_000413_000019_leftImg8bit,leftImg8bit,0,1,0,0,1,389,1181,1,0,0,0,1,1420,495,198,545,298,5000
390,390,390,berlin_000414_000019_leftImg8bit,leftImg8bit,1,0,0,6,0,390,570,0,1,0,6,0,1175,433,203,483,303,5000
394,394,394,berlin_000418_000019_leftImg8bit,leftImg8bit,1,1,1,3,1,394,41,1,1,1,3,1,1098,400,205,450,305,5000
399,399,399,berlin_000423_000019_leftImg8bit,leftImg8bit,0,1,0,6,0,399,724,1,0,0,6,0,846,412,203,462,303,5000
402,402,402,berlin_000426_000019_leftImg8bit,leftImg8bit,1,1,0,3,0,402,842,1,1,0,3,0,951,308,165,383,315,11250
404,404,404,berlin_000428_000019_leftImg8bit,leftImg8bit,1,0,0,1,0,404,1045,0,1,0,1,0,517,332,127,452,367,28800
406,406,406,berlin_000430_000019_leftImg8bit,leftImg8bit,0,1,1,3,0,406,1399,1,0,1,3,0,770,395,132,515,372,28800
407,407,407,berlin_000431_000019_leftImg8bit,leftImg8bit,0,1,1,2,0,407,804,1,0,1,2,0,1123,241,198,291,298,5000
409,409,409,berlin_000433_000019_leftImg8bit,leftImg8bit,1,0,0,2,0,409,242,0,1,0,2,0,964,276,199,326,299,5000
410,410,410,berlin_000434_000019_leftImg8bit,leftImg8bit,0,1,0,1,0,410,696,1,0,0,1,0,744,255,119,375,359,28800
414,414,414,berlin_000438_000019_leftImg8bit,leftImg8bit,1,0,0,2,1,414,1074,0,1,0,2,1,126,378,170,428,270,5000
415,415,415,berlin_000439_000019_leftImg8bit,leftImg8bit,1,0,0,2,0,415,44,0,1,0,2,0,236,345,109,465,349,28800
416,416,416,berlin_000440_000019_leftImg8bit,leftImg8bit,0,1,0,6,0,416,911,1,0,0,6,0,1227,535,187,585,287,5000
417,417,417,berlin_000441_000019_leftImg8bit,leftImg8bit,1,0,0,2,0,417,1382,0,1,0,2,0,1151,244,135,364,375,28800
418,418,418,berlin_000442_000019_leftImg8bit,leftImg8bit,0,1,1,6,0,418,927,1,0,1,6,0,909,213,202,263,302,5000
419,419,419,berlin_000443_000019_leftImg8bit,leftImg8bit,0,1,0,0,0,419,1290,1,0,0,0,0,462,317,128,437,368,28800
420,420,420,berlin_000444_000019_leftImg8bit,leftImg8bit,0,1,0,2,1,420,1242,1,0,0,2,1,11,339,179,414,329,11250
421,421,421,berlin_000445_000019_leftImg8bit,leftImg8bit,1,0,1,1,0,421,31,0,1,1,1,0,610,352,187,402,287,5000
422,422,422,berlin_000446_000019_leftImg8bit,leftImg8bit,0,1,0,3,0,422,532,1,0,0,3,0,1470,405,172,480,322,11250
426,426,426,berlin_000450_000019_leftImg8bit,leftImg8bit,1,1,0,4,1,426,94,1,1,0,4,1,902,304,124,424,364,28800
429,429,429,berlin_000454_000019_leftImg8bit,leftImg8bit,0,1,1,1,0,429,512,1,0,1,1,0,348,288,128,408,368,28800
432,432,432,berlin_000457_000019_leftImg8bit,leftImg8bit,1,0,0,0,1,432,922,0,1,0,0,1,399,374,178,449,328,11250
434,434,434,berlin_000459_000019_leftImg8bit,leftImg8bit,0,1,0,2,1,434,1111,1,0,0,2,1,213,289,117,409,357,28800
435,435,435,berlin_000460_000019_leftImg8bit,leftImg8bit,1,1,0,2,0,435,1360,1,1,0,2,0,1281,351,127,471,367,28800
437,437,437,berlin_000462_000019_leftImg8bit,leftImg8bit,0,1,0,3,1,437,980,1,0,0,3,1,1051,299,153,374,303,11250
438,438,438,berlin_000463_000019_leftImg8bit,leftImg8bit,1,0,0,4,0,438,677,0,1,0,4,0,780,310,198,360,298,5000
439,439,439,berlin_000464_000019_leftImg8bit,leftImg8bit,0,0,1,6,0,439,674,0,0,1,6,0,1288,372,198,422,298,5000
441,441,441,berlin_000466_000019_leftImg8bit,leftImg8bit,0,1,1,0,1,441,280,1,0,1,0,1,743,431,180,481,280,5000
442,442,442,berlin_000467_000019_leftImg8bit,leftImg8bit,0,1,0,2,0,442,224,1,0,0,2,0,1236,20,196,70,296,5000
451,451,451,berlin_000476_000019_leftImg8bit,leftImg8bit,1,1,1,2,1,451,1388,1,1,1,2,1,1318,369,199,419,299,5000
452,452,452,berlin_000477_000019_leftImg8bit,leftImg8bit,1,0,0,1,1,452,1019,0,1,0,1,1,593,376,172,451,322,11250
454,454,454,berlin_000479_000019_leftImg8bit,leftImg8bit,1,0,1,4,0,454,78,0,1,1,4,0,285,377,161,452,311,11250
460,460,460,berlin_000485_000019_leftImg8bit,leftImg8bit,1,1,0,1,0,460,1104,1,1,0,1,0,359,332,132,452,372,28800
462,462,462,berlin_000487_000019_leftImg8bit,leftImg8bit,0,0,1,1,0,462,784,0,0,1,1,0,146,390,197,440,297,5000
467,467,467,berlin_000492_000019_leftImg8bit,leftImg8bit,0,1,0,2,1,467,485,1,0,0,2,1,622,331,130,451,370,28800
472,472,472,berlin_000497_000019_leftImg8bit,leftImg8bit,1,0,1,4,0,472,20,0,1,1,4,0,1425,347,113,467,353,28800
473,473,473,berlin_000498_000019_leftImg8bit,leftImg8bit,1,0,0,3,0,473,479,0,1,0,3,0,224,415,122,535,362,28800
477,477,477,berlin_000502_000019_leftImg8bit,leftImg8bit,1,1,1,0,1,477,250,1,1,1,0,1,746,393,175,468,325,11250
478,478,478,berlin_000503_000019_leftImg8bit,leftImg8bit,0,1,1,1,0,478,118,1,0,1,1,0,390,389,134,509,374,28800
483,483,483,berlin_000508_000019_leftImg8bit,leftImg8bit,0,1,1,2,0,483,743,1,0,1,2,0,280,469,116,589,356,28800
485,485,485,berlin_000510_000019_leftImg8bit,leftImg8bit,1,0,0,0,1,485,1340,0,1,0,0,1,1070,340,162,415,312,11250
490,490,490,berlin_000515_000019_leftImg8bit,leftImg8bit,1,0,1,0,1,490,907,0,1,1,0,1,624,403,195,453,295,5000
491,491,491,berlin_000516_000019_leftImg8bit,leftImg8bit,1,0,0,0,1,491,499,0,1,0,0,1,116,289,131,409,371,28800
492,492,492,berlin_000517_000019_leftImg8bit,leftImg8bit,1,1,1,4,0,492,111,1,1,1,4,0,18,362,182,412,282,5000
494,494,494,berlin_000519_000019_leftImg8bit,leftImg8bit,1,0,1,0,0,494,5,0,1,1,0,0,530,256,129,376,369,28800
496,496,496,berlin_000521_000019_leftImg8bit,leftImg8bit,1,1,0,4,0,496,220,1,1,0,4,0,1229,375,116,495,356,28800
497,497,497,berlin_000522_000019_leftImg8bit,leftImg8bit,0,1,0,3,0,497,1376,1,0,0,3,0,1125,338,180,413,330,11250
499,499,499,berlin_000525_000019_leftImg8bit,leftImg8bit,1,0,0,0,1,499,1087,0,1,0,0,1,1248,271,178,346,328,11250
501,501,501,berlin_000527_000019_leftImg8bit,leftImg8bit,0,1,1,1,0,501,923,1,0,1,1,0,293,370,190,420,290,5000
503,503,503,berlin_000529_000019_leftImg8bit,leftImg8bit,1,1,0,0,1,503,627,1,1,0,0,1,971,322,126,442,366,28800
504,504,504,berlin_000530_000019_leftImg8bit,leftImg8bit,0,1,1,6,0,504,1054,1,0,1,6,0,1316,320,179,395,329,11250
506,506,506,berlin_000532_000019_leftImg8bit,leftImg8bit,0,1,1,0,1,506,425,1,0,1,0,1,1348,520,169,595,319,11250
507,507,507,berlin_000533_000019_leftImg8bit,leftImg8bit,0,1,1,3,0,507,836,1,0,1,3,0,422,178,119,298,359,28800
509,509,509,berlin_000535_000019_leftImg8bit,leftImg8bit,1,0,0,4,1,509,822,0,1,0,4,1,903,302,180,377,330,11250
511,511,511,berlin_000537_000019_leftImg8bit,leftImg8bit,0,0,0,2,0,511,729,0,0,0,2,0,887,355,200,405,300,5000
516,516,516,berlin_000542_000019_leftImg8bit,leftImg8bit,0,1,0,0,1,516,1407,1,0,0,0,1,370,213,131,333,371,28800
517,517,517,berlin_000543_000019_leftImg8bit,leftImg8bit,0,0,1,0,0,517,1275,0,0,1,0,0,974,315,201,365,301,5000
520,520,520,bielefeld_000000_001011_leftImg8bit,leftImg8bit,0,1,0,6,0,520,463,1,0,0,6,0,1156,96,180,171,330,11250
521,521,521,bielefeld_000000_001187_leftImg8bit,leftImg8bit,1,1,1,6,1,521,952,1,1,1,6,1,721,345,185,395,285,5000
522,522,522,bielefeld_000000_001505_leftImg8bit,leftImg8bit,0,1,0,2,1,522,970,1,0,0,2,1,917,465,158,540,308,11250
523,523,523,bielefeld_000000_001705_leftImg8bit,leftImg8bit,0,0,0,6,0,523,465,0,0,0,6,0,175,422,204,472,304,5000
525,525,525,bielefeld_000000_002528_leftImg8bit,leftImg8bit,0,1,0,6,0,525,327,1,0,0,6,0,188,268,156,343,306,11250
527,527,527,bielefeld_000000_003080_leftImg8bit,leftImg8bit,1,0,0,6,1,527,1339,0,1,0,6,1,450,456,130,576,370,28800
528,528,528,bielefeld_000000_003406_leftImg8bit,leftImg8bit,0,1,0,3,1,528,835,1,0,0,3,1,1131,235,178,310,328,11250
530,530,530,bielefeld_000000_003731_leftImg8bit,leftImg8bit,0,1,0,2,0,530,1421,1,0,0,2,0,1520,310,177,385,327,11250
540,540,540,bielefeld_000000_006802_leftImg8bit,leftImg8bit,1,1,1,0,0,540,83,1,1,1,0,0,168,417,201,467,301,5000
543,543,543,bielefeld_000000_007545_leftImg8bit,leftImg8bit,0,1,1,1,0,543,40,1,0,1,1,0,264,168,127,288,367,28800
544,544,544,bielefeld_000000_008279_leftImg8bit,leftImg8bit,0,1,0,2,0,544,285,1,0,0,2,0,905,438,174,513,324,11250
547,547,547,bielefeld_000000_009728_leftImg8bit,leftImg8bit,0,0,0,1,1,547,24,0,0,0,1,1,200,198,177,273,327,11250
548,548,548,bielefeld_000000_009928_leftImg8bit,leftImg8bit,1,0,0,2,1,548,960,0,1,0,2,1,103,386,179,436,279,5000
552,552,552,bielefeld_000000_012584_leftImg8bit,leftImg8bit,1,1,1,6,0,552,329,1,1,1,6,0,877,422,177,472,277,5000
553,553,553,bielefeld_000000_012788_leftImg8bit,leftImg8bit,1,1,0,2,0,553,760,1,1,0,2,0,800,302,172,377,322,11250
556,556,556,bielefeld_000000_013814_leftImg8bit,leftImg8bit,0,0,0,2,0,556,501,0,0,0,2,0,785,322,179,397,329,11250
558,558,558,bielefeld_000000_015587_leftImg8bit,leftImg8bit,0,0,0,1,1,558,272,0,0,0,1,1,639,282,123,402,363,28800
560,560,560,bielefeld_000000_015942_leftImg8bit,leftImg8bit,0,1,0,1,1,560,586,1,0,0,1,1,1209,404,166,454,266,5000
565,565,565,bielefeld_000000_017279_leftImg8bit,leftImg8bit,1,1,1,4,1,565,1404,1,1,1,4,1,150,535,171,610,321,11250
566,566,566,bielefeld_000000_017438_leftImg8bit,leftImg8bit,0,0,0,2,1,566,909,0,0,0,2,1,344,405,159,480,309,11250
567,567,567,bielefeld_000000_017774_leftImg8bit,leftImg8bit,0,1,0,6,1,567,477,1,0,0,6,1,1044,409,127,529,367,28800
568,568,568,bielefeld_000000_018345_leftImg8bit,leftImg8bit,0,0,0,0,0,568,1310,0,0,0,0,0,678,421,175,496,325,11250
570,570,570,bielefeld_000000_019416_leftImg8bit,leftImg8bit,1,1,0,0,0,570,451,1,1,0,0,0,945,323,104,443,344,28800
571,571,571,bielefeld_000000_020757_leftImg8bit,leftImg8bit,1,1,0,3,1,571,1135,1,1,0,3,1,98,644,178,719,328,11250
574,574,574,bielefeld_000000_021341_leftImg8bit,leftImg8bit,1,1,0,5,0,574,355,1,1,0,5,0,316,254,135,374,375,28800
578,578,578,bielefeld_000000_022835_leftImg8bit,leftImg8bit,0,1,0,1,0,578,844,1,0,0,1,0,5,90,178,165,328,11250
582,582,582,bielefeld_000000_026053_leftImg8bit,leftImg8bit,1,1,0,1,1,582,1061,1,1,0,1,1,1303,434,134,554,374,28800
583,583,583,bielefeld_000000_026296_leftImg8bit,leftImg8bit,1,0,0,4,1,583,140,0,1,0,4,1,1087,437,121,557,361,28800
587,587,587,bielefeld_000000_027221_leftImg8bit,leftImg8bit,1,1,0,1,1,587,832,1,1,0,1,1,273,388,194,438,294,5000
589,589,589,bielefeld_000000_027928_leftImg8bit,leftImg8bit,1,0,0,0,1,589,489,0,1,0,0,1,177,350,157,425,307,11250
593,593,593,bielefeld_000000_028747_leftImg8bit,leftImg8bit,0,1,0,1,0,593,1418,1,0,0,1,0,875,348,202,398,302,5000
596,596,596,bielefeld_000000_030366_leftImg8bit,leftImg8bit,1,1,0,2,0,596,825,1,1,0,2,0,1443,199,125,319,365,28800
597,597,597,bielefeld_000000_030958_leftImg8bit,leftImg8bit,1,1,0,2,0,597,119,1,1,0,2,0,1084,184,198,234,298,5000
598,598,598,bielefeld_000000_031244_leftImg8bit,leftImg8bit,1,0,0,6,1,598,296,0,1,0,6,1,1187,390,202,440,302,5000
599,599,599,bielefeld_000000_031510_leftImg8bit,leftImg8bit,1,1,0,4,1,599,120,1,1,0,4,1,890,546,194,596,294,5000
600,600,600,bielefeld_000000_032388_leftImg8bit,leftImg8bit,0,1,0,0,1,600,243,1,0,0,0,1,882,507,189,557,289,5000
603,603,603,bielefeld_000000_033770_leftImg8bit,leftImg8bit,0,1,0,2,0,603,1051,1,0,0,2,0,139,291,170,366,320,11250
605,605,605,bielefeld_000000_034705_leftImg8bit,leftImg8bit,0,1,1,2,1,605,1248,1,0,1,2,1,1457,440,165,490,265,5000
609,609,609,bielefeld_000000_035879_leftImg8bit,leftImg8bit,1,1,1,2,0,609,506,1,1,1,2,0,69,325,203,375,303,5000
610,610,610,bielefeld_000000_036362_leftImg8bit,leftImg8bit,1,1,0,3,0,610,717,1,1,0,3,0,907,137,198,187,298,5000
611,611,611,bielefeld_000000_036732_leftImg8bit,leftImg8bit,0,1,1,4,0,611,64,1,0,1,4,0,31,415,163,490,313,11250
617,617,617,bielefeld_000000_039221_leftImg8bit,leftImg8bit,0,1,1,0,0,617,966,1,0,1,0,0,954,475,151,550,301,11250
618,618,618,bielefeld_000000_039596_leftImg8bit,leftImg8bit,1,0,0,2,0,618,965,0,1,0,2,0,962,365,173,440,323,11250
620,620,620,bielefeld_000000_040472_leftImg8bit,leftImg8bit,0,1,0,5,1,620,716,1,0,0,5,1,306,254,116,374,356,28800
621,621,621,bielefeld_000000_041014_leftImg8bit,leftImg8bit,0,1,0,5,0,621,66,1,0,0,5,0,1173,309,132,429,372,28800
622,622,622,bielefeld_000000_041142_leftImg8bit,leftImg8bit,0,1,0,2,1,622,663,1,0,0,2,1,564,322,179,372,279,5000
623,623,623,bielefeld_000000_041223_leftImg8bit,leftImg8bit,1,0,1,6,1,623,577,0,1,1,6,1,243,289,166,364,316,11250
625,625,625,bielefeld_000000_042403_leftImg8bit,leftImg8bit,1,1,0,3,0,625,773,1,1,0,3,0,143,253,131,373,371,28800
626,626,626,bielefeld_000000_042571_leftImg8bit,leftImg8bit,0,1,1,0,1,626,133,1,0,1,0,1,692,373,168,448,318,11250
627,627,627,bielefeld_000000_042717_leftImg8bit,leftImg8bit,0,1,1,2,0,627,541,1,0,1,2,0,628,482,205,532,305,5000
630,630,630,bielefeld_000000_043610_leftImg8bit,leftImg8bit,1,1,1,1,0,630,1321,1,1,1,1,0,30,418,193,468,293,5000
633,633,633,bielefeld_000000_046023_leftImg8bit,leftImg8bit,1,1,1,4,0,633,349,1,1,1,4,0,417,316,112,436,352,28800
635,635,635,bielefeld_000000_046495_leftImg8bit,leftImg8bit,1,1,0,0,0,635,530,1,1,0,0,0,949,614,109,734,349,28800
638,638,638,bielefeld_000000_048227_leftImg8bit,leftImg8bit,1,1,0,3,0,638,160,1,1,0,3,0,540,239,132,359,372,28800
642,642,642,bielefeld_000000_049313_leftImg8bit,leftImg8bit,1,0,0,0,0,642,445,0,1,0,0,0,77,167,119,287,359,28800
643,643,643,bielefeld_000000_049446_leftImg8bit,leftImg8bit,1,0,0,6,1,643,54,0,1,0,6,1,1062,341,175,416,325,11250
645,645,645,bielefeld_000000_050586_leftImg8bit,leftImg8bit,0,0,1,2,0,645,387,0,0,1,2,0,1040,361,179,436,329,11250
657,657,657,bielefeld_000000_056226_leftImg8bit,leftImg8bit,0,1,1,4,1,657,583,1,0,1,4,1,1518,66,187,116,287,5000
658,658,658,bielefeld_000000_056310_leftImg8bit,leftImg8bit,0,1,1,6,1,658,178,1,0,1,6,1,731,496,167,571,317,11250
660,660,660,bielefeld_000000_056603_leftImg8bit,leftImg8bit,0,0,1,6,0,660,774,0,0,1,6,0,627,311,123,431,363,28800
661,661,661,bielefeld_000000_056866_leftImg8bit,leftImg8bit,1,1,1,3,1,661,467,1,1,1,3,1,1179,676,167,751,317,11250
664,664,664,bielefeld_000000_058934_leftImg8bit,leftImg8bit,0,1,0,0,0,664,148,1,0,0,0,0,1361,344,135,464,375,28800
665,665,665,bielefeld_000000_059303_leftImg8bit,leftImg8bit,0,0,0,0,1,665,581,0,0,0,0,1,405,211,132,331,372,28800
666,666,666,bielefeld_000000_059355_leftImg8bit,leftImg8bit,1,1,1,0,1,666,1423,1,1,1,0,1,963,390,171,465,321,11250
667,667,667,bielefeld_000000_059501_leftImg8bit,leftImg8bit,0,0,0,2,1,667,1024,0,0,0,2,1,401,400,198,450,298,5000
668,668,668,bielefeld_000000_059651_leftImg8bit,leftImg8bit,0,1,1,6,1,668,360,1,0,1,6,1,912,346,131,466,371,28800
670,670,670,bielefeld_000000_059766_leftImg8bit,leftImg8bit,1,0,0,6,1,670,1244,0,1,0,6,1,821,8,185,58,285,5000
671,671,671,bielefeld_000000_059842_leftImg8bit,leftImg8bit,1,1,0,6,0,671,230,1,1,0,6,0,1136,246,115,366,355,28800
676,676,676,bielefeld_000000_061975_leftImg8bit,leftImg8bit,1,0,0,2,0,676,437,0,1,0,2,0,1191,359,184,409,284,5000
677,677,677,bielefeld_000000_062121_leftImg8bit,leftImg8bit,0,0,0,3,0,677,1223,0,0,0,3,0,1275,107,126,227,366,28800
678,678,678,bielefeld_000000_063623_leftImg8bit,leftImg8bit,0,1,0,2,0,678,1183,1,0,0,2,0,518,313,195,363,295,5000
681,681,681,bielefeld_000000_064583_leftImg8bit,leftImg8bit,0,1,1,4,0,681,579,1,0,1,4,0,1206,330,125,450,365,28800
682,682,682,bielefeld_000000_064805_leftImg8bit,leftImg8bit,1,1,0,2,1,682,1294,1,1,0,2,1,728,423,96,543,336,28800
683,683,683,bielefeld_000000_064910_leftImg8bit,leftImg8bit,1,1,0,1,0,683,953,1,1,0,1,0,315,461,131,581,371,28800
687,687,687,bielefeld_000000_066405_leftImg8bit,leftImg8bit,1,1,0,6,0,687,926,1,1,0,6,0,166,495,174,570,324,11250
688,688,688,bielefeld_000000_066495_leftImg8bit,leftImg8bit,1,0,0,1,0,688,1201,0,1,0,1,0,1317,295,126,415,366,28800
690,690,690,bonn_000001_000019_leftImg8bit,leftImg8bit,1,1,1,0,0,690,74,1,1,1,0,0,1331,213,134,333,374,28800
693,693,693,bonn_000004_000019_leftImg8bit,leftImg8bit,0,1,0,0,1,693,1327,1,0,0,0,1,1353,365,122,485,362,28800
694,694,694,bonn_000005_000019_leftImg8bit,leftImg8bit,1,0,1,0,1,694,314,0,1,1,0,1,1076,417,189,467,289,5000
695,695,695,bonn_000006_000019_leftImg8bit,leftImg8bit,0,1,0,2,1,695,1270,1,0,0,2,1,880,269,132,389,372,28800
700,700,700,bonn_000012_000019_leftImg8bit,leftImg8bit,1,1,0,1,1,700,375,1,1,0,1,1,1149,404,194,454,294,5000
701,701,701,bonn_000013_000019_leftImg8bit,leftImg8bit,1,0,1,1,1,701,568,0,1,1,1,1,398,317,166,392,316,11250
703,703,703,bonn_000015_000019_leftImg8bit,leftImg8bit,0,1,0,0,0,703,1239,1,0,0,0,0,833,365,203,415,303,5000
704,704,704,bonn_000016_000019_leftImg8bit,leftImg8bit,0,1,0,0,1,704,440,1,0,0,0,1,265,297,177,372,327,11250
705,705,705,bonn_000017_000019_leftImg8bit,leftImg8bit,0,0,1,1,0,705,1221,0,0,1,1,0,1329,321,170,396,320,11250
708,708,708,bonn_000020_000019_leftImg8bit,leftImg8bit,1,0,0,1,0,708,1179,0,1,0,1,0,568,406,175,481,325,11250
709,709,709,bonn_000021_000019_leftImg8bit,leftImg8bit,1,0,1,2,1,709,267,0,1,1,2,1,904,284,109,404,349,28800
710,710,710,bonn_000022_000019_leftImg8bit,leftImg8bit,0,1,0,5,0,710,1254,1,0,0,5,0,1462,312,131,432,371,28800
712,712,712,bonn_000024_000019_leftImg8bit,leftImg8bit,1,0,0,1,1,712,592,0,1,0,1,1,302,411,179,486,329,11250
714,714,714,bonn_000026_000019_leftImg8bit,leftImg8bit,1,0,1,0,1,714,895,0,1,1,0,1,537,399,177,474,327,11250
715,715,715,bonn_000027_000019_leftImg8bit,leftImg8bit,0,0,1,6,0,715,702,0,0,1,6,0,67,371,172,446,322,11250
718,718,718,bonn_000030_000019_leftImg8bit,leftImg8bit,1,1,1,2,0,718,199,1,1,1,2,0,1216,455,124,575,364,28800
720,720,720,bonn_000032_000019_leftImg8bit,leftImg8bit,0,1,0,3,1,720,741,1,0,0,3,1,1164,263,166,338,316,11250
721,721,721,bonn_000033_000019_leftImg8bit,leftImg8bit,1,1,0,2,1,721,697,1,1,0,2,1,579,320,132,440,372,28800
723,723,723,bonn_000035_000019_leftImg8bit,leftImg8bit,1,0,0,1,1,723,391,0,1,0,1,1,1416,225,99,345,339,28800
725,725,725,bonn_000038_000019_leftImg8bit,leftImg8bit,1,0,0,6,0,725,237,0,1,0,6,0,1214,458,133,578,373,28800
733,733,733,leverkusen_000000_000019_leftImg8bit,leftImg8bit,0,1,0,4,0,733,17,1,0,0,4,0,569,406,199,456,299,5000
734,734,734,leverkusen_000001_000019_leftImg8bit,leftImg8bit,1,0,1,0,0,734,823,0,1,1,0,0,1007,410,178,485,328,11250
735,735,735,leverkusen_000002_000019_leftImg8bit,leftImg8bit,1,0,0,3,1,735,26,0,1,0,3,1,1082,284,126,404,366,28800
736,736,736,leverkusen_000003_000019_leftImg8bit,leftImg8bit,0,0,0,2,1,736,1158,0,0,0,2,1,674,518,171,593,321,11250
738,738,738,leverkusen_000005_000019_leftImg8bit,leftImg8bit,1,1,1,1,0,738,315,1,1,1,1,0,452,374,197,424,297,5000
740,740,740,leverkusen_000008_000019_leftImg8bit,leftImg8bit,1,0,0,0,0,740,1236,0,1,0,0,0,1437,266,135,386,375,28800
741,741,741,leverkusen_000009_000019_leftImg8bit,leftImg8bit,0,0,0,2,1,741,603,0,0,0,2,1,928,111,134,231,374,28800
742,742,742,leverkusen_000010_000019_leftImg8bit,leftImg8bit,0,1,0,1,0,742,490,1,0,0,1,0,572,415,126,535,366,28800
743,743,743,leverkusen_000011_000019_leftImg8bit,leftImg8bit,1,1,0,0,0,743,699,1,1,0,0,0,1107,319,200,369,300,5000
745,745,745,leverkusen_000013_000019_leftImg8bit,leftImg8bit,1,0,0,4,0,745,1335,0,1,0,4,0,242,267,124,387,364,28800
748,748,748,leverkusen_000017_000019_leftImg8bit,leftImg8bit,1,1,0,1,1,748,1219,1,1,0,1,1,965,165,195,215,295,5000
749,749,749,leverkusen_000018_000019_leftImg8bit,leftImg8bit,0,1,0,3,0,749,636,1,0,0,3,0,83,346,133,466,373,28800
751,751,751,leverkusen_000021_000019_leftImg8bit,leftImg8bit,1,0,1,6,1,751,1422,0,1,1,6,1,1444,315,179,390,329,11250
754,754,754,leverkusen_000026_000019_leftImg8bit,leftImg8bit,0,0,1,2,0,754,770,0,0,1,2,0,1339,391,201,441,301,5000
755,755,755,leverkusen_000027_000019_leftImg8bit,leftImg8bit,0,0,1,1,0,755,967,0,0,1,1,0,578,324,161,399,311,11250
756,756,756,leverkusen_000028_000019_leftImg8bit,leftImg8bit,1,0,1,1,1,756,1,0,1,1,1,1,45,293,130,413,370,28800
757,757,757,leverkusen_000029_000019_leftImg8bit,leftImg8bit,0,0,0,3,0,757,227,0,0,0,3,0,171,393,169,468,319,11250
761,761,761,leverkusen_000033_000019_leftImg8bit,leftImg8bit,0,1,0,1,0,761,414,1,0,0,1,0,191,238,170,313,320,11250
763,763,763,leverkusen_000035_000019_leftImg8bit,leftImg8bit,1,1,1,0,1,763,377,1,1,1,0,1,375,303,123,423,363,28800
766,766,766,leverkusen_000038_000019_leftImg8bit,leftImg8bit,1,0,0,0,1,766,1377,0,1,0,0,1,33,320,176,395,326,11250
771,771,771,leverkusen_000043_000019_leftImg8bit,leftImg8bit,0,0,0,4,0,771,515,0,0,0,4,0,1315,369,131,489,371,28800
773,773,773,leverkusen_000046_000019_leftImg8bit,leftImg8bit,1,1,1,2,1,773,587,1,1,1,2,1,1347,297,127,417,367,28800
776,776,776,leverkusen_000049_000019_leftImg8bit,leftImg8bit,0,1,0,3,0,776,1021,1,0,0,3,0,65,329,123,449,363,28800
777,777,777,leverkusen_000050_000019_leftImg8bit,leftImg8bit,0,1,1,3,1,777,891,1,0,1,3,1,440,310,170,385,320,11250
779,779,779,leverkusen_000052_000019_leftImg8bit,leftImg8bit,1,0,1,3,1,779,305,0,1,1,3,1,160,343,178,393,278,5000
780,780,780,leverkusen_000053_000019_leftImg8bit,leftImg8bit,1,1,1,1,1,780,798,1,1,1,1,1,885,397,121,517,361,28800
784,784,784,leverkusen_000057_000019_leftImg8bit,leftImg8bit,0,0,1,2,1,784,507,0,0,1,2,1,385,421,201,471,301,5000
791,791,791,mainz_000000_001601_leftImg8bit,leftImg8bit,0,1,0,3,1,791,234,1,0,0,3,1,210,556,135,676,375,28800
792,792,792,mainz_000000_001857_leftImg8bit,leftImg8bit,0,1,1,3,1,792,536,1,0,1,3,1,1166,280,163,355,313,11250
794,794,794,mainz_000000_002353_leftImg8bit,leftImg8bit,0,1,1,2,0,794,893,1,0,1,2,0,1264,357,175,432,325,11250
796,796,796,mainz_000000_003250_leftImg8bit,leftImg8bit,1,0,0,0,1,796,81,0,1,0,0,1,281,379,181,429,281,5000
798,798,798,mainz_000000_003619_leftImg8bit,leftImg8bit,1,1,0,3,1,798,510,1,1,0,3,1,1384,482,157,557,307,11250
801,801,801,mainz_000000_004542_leftImg8bit,leftImg8bit,1,0,0,0,1,801,486,0,1,0,0,1,345,570,173,645,323,11250
807,807,807,mainz_000000_006263_leftImg8bit,leftImg8bit,0,1,1,1,0,807,334,1,0,1,1,0,1065,492,129,612,369,28800
808,808,808,mainz_000000_006368_leftImg8bit,leftImg8bit,1,1,1,4,1,808,1198,1,1,1,4,1,466,446,170,496,270,5000
813,813,813,mainz_000000_008165_leftImg8bit,leftImg8bit,0,0,0,1,0,813,461,0,0,0,1,0,1388,235,143,310,293,11250
815,815,815,mainz_000000_008645_leftImg8bit,leftImg8bit,1,1,0,2,0,815,1389,1,1,0,2,0,1438,357,177,432,327,11250
817,817,817,mainz_000000_009751_leftImg8bit,leftImg8bit,0,1,0,2,1,817,362,1,0,0,2,1,510,389,132,509,372,28800
819,819,819,mainz_000000_010171_leftImg8bit,leftImg8bit,1,1,0,1,0,819,388,1,1,0,1,0,1004,466,192,516,292,5000
820,820,820,mainz_000000_010417_leftImg8bit,leftImg8bit,0,0,0,4,1,820,149,0,0,0,4,1,726,347,104,467,344,28800
822,822,822,mainz_000000_011339_leftImg8bit,leftImg8bit,0,0,1,4,0,822,3,0,0,1,4,0,1471,346,198,396,298,5000
824,824,824,mainz_000000_012392_leftImg8bit,leftImg8bit,1,1,1,6,0,824,1209,1,1,1,6,0,1311,530,174,605,324,11250
825,825,825,mainz_000000_012737_leftImg8bit,leftImg8bit,1,0,0,2,1,825,1373,0,1,0,2,1,1516,389,131,509,371,28800
827,827,827,mainz_000000_013437_leftImg8bit,leftImg8bit,0,1,0,2,0,827,1309,1,0,0,2,0,388,411,126,531,366,28800
828,828,828,mainz_000000_013671_leftImg8bit,leftImg8bit,1,1,1,6,0,828,325,1,1,1,6,0,891,544,187,594,287,5000
830,830,830,mainz_000000_014193_leftImg8bit,leftImg8bit,0,1,0,3,1,830,187,1,0,0,3,1,708,278,169,353,319,11250
835,835,835,mainz_000000_016083_leftImg8bit,leftImg8bit,0,1,0,0,1,835,1096,1,0,0,0,1,194,108,185,158,285,5000
837,837,837,mainz_000000_016612_leftImg8bit,leftImg8bit,1,1,0,3,1,837,763,1,1,0,3,1,551,32,127,152,367,28800
838,838,838,mainz_000000_016651_leftImg8bit,leftImg8bit,0,0,1,4,0,838,1328,0,0,1,4,0,1233,186,179,261,329,11250
839,839,839,mainz_000000_016915_leftImg8bit,leftImg8bit,1,0,0,1,0,839,1345,0,1,0,1,0,804,221,132,341,372,28800
840,840,840,mainz_000000_017927_leftImg8bit,leftImg8bit,0,0,0,2,1,840,962,0,0,0,2,1,253,374,193,424,293,5000
842,842,842,mainz_000000_018883_leftImg8bit,leftImg8bit,1,1,0,0,0,842,1237,1,1,0,0,0,613,337,198,387,298,5000
844,844,844,mainz_000000_019227_leftImg8bit,leftImg8bit,1,0,1,6,0,844,511,0,1,1,6,0,1265,429,129,549,369,28800
845,845,845,mainz_000000_019439_leftImg8bit,leftImg8bit,0,1,1,0,0,845,712,1,0,1,0,0,1205,84,112,204,352,28800
846,846,846,mainz_000000_019686_leftImg8bit,leftImg8bit,1,1,1,2,1,846,864,1,1,1,2,1,1102,367,135,487,375,28800
847,847,847,mainz_000000_019847_leftImg8bit,leftImg8bit,1,1,1,4,1,847,968,1,1,1,4,1,977,336,200,386,300,5000
850,850,850,mainz_000000_021457_leftImg8bit,leftImg8bit,0,1,1,4,0,850,829,1,0,1,4,0,1333,205,180,280,330,11250
851,851,851,mainz_000000_021524_leftImg8bit,leftImg8bit,1,1,0,3,0,851,1079,1,1,0,3,0,1417,262,193,312,293,5000
852,852,852,mainz_000000_021735_leftImg8bit,leftImg8bit,1,0,1,0,1,852,11,0,1,1,0,1,473,18,202,68,302,5000
853,853,853,mainz_000000_021833_leftImg8bit,leftImg8bit,1,0,1,4,1,853,240,0,1,1,4,1,1171,393,169,468,319,11250
854,854,854,mainz_000000_022091_leftImg8bit,leftImg8bit,0,1,1,2,0,854,421,1,0,1,2,0,1000,219,170,294,320,11250
855,855,855,mainz_000000_022417_leftImg8bit,leftImg8bit,0,1,1,3,1,855,446,1,0,1,3,1,625,208,168,283,318,11250
856,856,856,mainz_000001_000120_leftImg8bit,leftImg8bit,0,1,0,4,1,856,1022,1,0,0,4,1,81,329,158,404,308,11250
857,857,857,mainz_000001_000428_leftImg8bit,leftImg8bit,0,0,1,4,1,857,1280,0,0,1,4,1,108,388,163,463,313,11250
860,860,860,mainz_000001_002543_leftImg8bit,leftImg8bit,0,1,0,0,0,860,1191,1,0,0,0,0,314,345,115,465,355,28800
861,861,861,mainz_000001_003012_leftImg8bit,leftImg8bit,1,1,1,2,0,861,345,1,1,1,2,0,1060,398,157,473,307,11250
862,862,862,mainz_000001_003624_leftImg8bit,leftImg8bit,1,0,1,4,1,862,523,0,1,1,4,1,1204,265,120,385,360,28800
863,863,863,mainz_000001_003702_leftImg8bit,leftImg8bit,0,1,1,1,1,863,929,1,0,1,1,1,1168,389,149,464,299,11250
864,864,864,mainz_000001_003907_leftImg8bit,leftImg8bit,0,0,0,2,0,864,756,0,0,0,2,0,1069,223,195,273,295,5000
865,865,865,mainz_000001_004132_leftImg8bit,leftImg8bit,1,0,0,2,1,865,1435,0,1,0,2,1,953,398,135,518,375,28800
867,867,867,mainz_000001_005016_leftImg8bit,leftImg8bit,1,1,1,3,0,867,1192,1,1,1,3,0,361,335,167,410,317,11250
872,872,872,mainz_000001_005911_leftImg8bit,leftImg8bit,1,0,1,4,0,872,303,0,1,1,4,0,261,325,124,445,364,28800
873,873,873,mainz_000001_006194_leftImg8bit,leftImg8bit,0,0,1,4,0,873,146,0,0,1,4,0,1488,299,99,419,339,28800
874,874,874,mainz_000001_006768_leftImg8bit,leftImg8bit,1,1,0,0,1,874,514,1,1,0,0,1,145,229,172,304,322,11250
875,875,875,mainz_000001_007171_leftImg8bit,leftImg8bit,0,0,1,0,1,875,876,0,0,1,0,1,1323,395,157,470,307,11250
877,877,877,mainz_000001_007595_leftImg8bit,leftImg8bit,0,0,0,0,0,877,107,0,0,0,0,0,1326,416,129,536,369,28800
878,878,878,mainz_000001_007956_leftImg8bit,leftImg8bit,0,0,1,3,1,878,136,0,0,1,3,1,1251,328,176,403,326,11250
880,880,880,mainz_000001_008264_leftImg8bit,leftImg8bit,1,1,0,1,0,880,1358,1,1,0,1,0,1085,347,96,467,336,28800
881,881,881,mainz_000001_008540_leftImg8bit,leftImg8bit,1,0,1,1,1,881,885,0,1,1,1,1,1435,313,122,433,362,28800
882,882,882,mainz_000001_009152_leftImg8bit,leftImg8bit,1,1,1,4,0,882,1092,1,1,1,4,0,1165,264,163,339,313,11250
884,884,884,mainz_000001_009811_leftImg8bit,leftImg8bit,0,0,1,1,0,884,713,0,0,1,1,0,597,249,161,324,311,11250
885,885,885,mainz_000001_009867_leftImg8bit,leftImg8bit,0,1,0,2,0,885,1323,1,0,0,2,0,630,318,129,438,369,28800
886,886,886,mainz_000001_009996_leftImg8bit,leftImg8bit,1,0,0,2,1,886,563,0,1,0,2,1,427,530,131,650,371,28800
888,888,888,mainz_000001_011333_leftImg8bit,leftImg8bit,0,1,1,3,0,888,1196,1,0,1,3,0,432,252,174,327,324,11250
891,891,891,mainz_000001_012186_leftImg8bit,leftImg8bit,1,0,0,4,1,891,878,0,1,0,4,1,1473,411,156,486,306,11250
894,894,894,mainz_000001_012644_leftImg8bit,leftImg8bit,1,1,1,6,1,894,145,1,1,1,6,1,1474,306,204,356,304,5000
896,896,896,mainz_000001_013313_leftImg8bit,leftImg8bit,1,0,0,6,1,896,619,0,1,0,6,1,1250,365,127,485,367,28800
897,897,897,mainz_000001_014073_leftImg8bit,leftImg8bit,1,0,0,1,0,897,599,0,1,0,1,0,85,243,119,363,359,28800
898,898,898,mainz_000001_014469_leftImg8bit,leftImg8bit,1,1,1,6,0,898,1036,1,1,1,6,0,1412,100,155,175,305,11250
899,899,899,mainz_000001_014626_leftImg8bit,leftImg8bit,0,1,0,0,0,899,1312,1,0,0,0,0,521,229,170,304,320,11250
901,901,901,mainz_000001_015508_leftImg8bit,leftImg8bit,1,1,1,2,0,901,758,1,1,1,2,0,873,553,105,673,345,28800
903,903,903,mainz_000001_016011_leftImg8bit,leftImg8bit,0,1,1,1,1,903,336,1,0,1,1,1,486,150,156,225,306,11250
904,904,904,mainz_000001_016391_leftImg8bit,leftImg8bit,0,1,0,3,1,904,1375,1,0,0,3,1,94,439,183,489,283,5000
906,906,906,mainz_000001_017618_leftImg8bit,leftImg8bit,1,1,0,6,1,906,1227,1,1,0,6,1,444,284,118,404,358,28800
909,909,909,mainz_000001_018329_leftImg8bit,leftImg8bit,1,0,0,1,0,909,721,0,1,0,1,0,1217,399,173,449,273,5000
911,911,911,mainz_000001_018817_leftImg8bit,leftImg8bit,0,1,1,2,1,911,201,1,0,1,2,1,159,210,128,330,368,28800
912,912,912,mainz_000001_019061_leftImg8bit,leftImg8bit,1,1,1,1,1,912,1033,1,1,1,1,1,733,238,197,288,297,5000
914,914,914,mainz_000001_019593_leftImg8bit,leftImg8bit,1,1,1,4,1,914,1030,1,1,1,4,1,658,470,168,545,318,11250
916,916,916,mainz_000001_020193_leftImg8bit,leftImg8bit,1,1,0,1,0,916,632,1,1,0,1,0,1023,458,199,508,299,5000
918,918,918,mainz_000001_020829_leftImg8bit,leftImg8bit,0,1,0,4,0,918,228,1,0,0,4,0,1011,361,189,411,289,5000
920,920,920,mainz_000001_021547_leftImg8bit,leftImg8bit,1,0,1,1,0,920,517,0,1,1,1,0,1207,289,111,409,351,28800
922,922,922,mainz_000001_021946_leftImg8bit,leftImg8bit,1,0,0,6,0,922,50,0,1,0,6,0,645,199,133,319,373,28800
925,925,925,mainz_000001_023604_leftImg8bit,leftImg8bit,1,1,1,1,1,925,1188,1,1,1,1,1,411,434,173,484,273,5000
928,928,928,mainz_000001_024718_leftImg8bit,leftImg8bit,1,0,1,6,1,928,177,0,1,1,6,1,978,196,203,246,303,5000
933,933,933,mainz_000001_026837_leftImg8bit,leftImg8bit,0,0,0,6,0,933,1267,0,0,0,6,0,923,89,124,209,364,28800
934,934,934,mainz_000001_026963_leftImg8bit,leftImg8bit,0,1,1,2,0,934,567,1,0,1,2,0,981,256,110,376,350,28800
935,935,935,mainz_000001_027053_leftImg8bit,leftImg8bit,0,1,0,0,1,935,1326,1,0,0,0,1,758,305,198,355,298,5000
940,940,940,mainz_000001_028111_leftImg8bit,leftImg8bit,0,1,0,1,1,940,733,1,0,0,1,1,1421,346,165,421,315,11250
941,941,941,mainz_000001_028326_leftImg8bit,leftImg8bit,0,1,1,0,0,941,406,1,0,1,0,0,299,258,190,308,290,5000
948,948,948,mainz_000001_030417_leftImg8bit,leftImg8bit,1,0,0,1,1,948,319,0,1,0,1,1,813,319,184,369,284,5000
952,952,952,mainz_000001_031946_leftImg8bit,leftImg8bit,1,1,1,2,0,952,295,1,1,1,2,0,958,438,111,558,351,28800
953,953,953,mainz_000001_032294_leftImg8bit,leftImg8bit,1,1,0,1,1,953,127,1,1,0,1,1,1392,349,202,399,302,5000
954,954,954,mainz_000001_032401_leftImg8bit,leftImg8bit,0,1,0,4,0,954,108,1,0,0,4,0,36,455,192,505,292,5000
955,955,955,mainz_000001_032567_leftImg8bit,leftImg8bit,0,1,1,0,0,955,1210,1,0,1,0,0,857,314,123,434,363,28800
958,958,958,mainz_000001_032911_leftImg8bit,leftImg8bit,0,0,0,1,0,958,442,0,0,0,1,0,824,506,180,581,330,11250
962,962,962,mainz_000001_033603_leftImg8bit,leftImg8bit,0,1,0,2,0,962,244,1,0,0,2,0,986,269,195,319,295,5000
963,963,963,mainz_000001_033756_leftImg8bit,leftImg8bit,1,1,0,6,1,963,561,1,1,0,6,1,1273,356,176,431,326,11250
964,964,964,mainz_000001_034033_leftImg8bit,leftImg8bit,0,0,0,4,0,964,1122,0,0,0,4,0,1226,462,176,537,326,11250
965,965,965,mainz_000001_034209_leftImg8bit,leftImg8bit,1,0,1,6,0,965,1245,0,1,1,6,0,1313,250,205,300,305,5000
968,968,968,mainz_000001_034681_leftImg8bit,leftImg8bit,1,1,1,0,0,968,225,1,1,1,0,0,318,436,180,511,330,11250
969,969,969,mainz_000001_035293_leftImg8bit,leftImg8bit,0,0,0,1,0,969,888,0,0,0,1,0,205,300,109,420,349,28800
970,970,970,mainz_000001_035585_leftImg8bit,leftImg8bit,1,1,1,3,1,970,51,1,1,1,3,1,961,439,198,489,298,5000
972,972,972,mainz_000001_036115_leftImg8bit,leftImg8bit,0,1,0,2,0,972,1171,1,0,0,2,0,1501,442,175,517,325,11250
974,974,974,mainz_000001_036412_leftImg8bit,leftImg8bit,0,0,1,4,0,974,1266,0,0,1,4,0,353,523,175,573,275,5000
978,978,978,mainz_000001_037736_leftImg8bit,leftImg8bit,1,0,1,2,1,978,1003,0,1,1,2,1,489,490,205,540,305,5000
980,980,980,mainz_000001_038026_leftImg8bit,leftImg8bit,0,1,1,1,1,980,265,1,0,1,1,1,101,345,126,465,366,28800
981,981,981,mainz_000001_038191_leftImg8bit,leftImg8bit,0,1,0,3,1,981,142,1,0,0,3,1,179,290,151,365,301,11250
982,982,982,mainz_000001_038347_leftImg8bit,leftImg8bit,0,1,0,0,1,982,1411,1,0,0,0,1,1475,370,176,420,276,5000
987,987,987,mainz_000001_039943_leftImg8bit,leftImg8bit,1,0,1,6,0,987,882,0,1,1,6,0,591,326,168,401,318,11250
988,988,988,mainz_000001_040195_leftImg8bit,leftImg8bit,1,1,0,2,1,988,817,1,1,0,2,1,656,509,135,629,375,28800
989,989,989,mainz_000001_040367_leftImg8bit,leftImg8bit,1,1,0,4,0,989,1332,1,1,0,4,0,1427,352,160,427,310,11250
994,994,994,mainz_000001_041797_leftImg8bit,leftImg8bit,1,0,1,1,1,994,1082,0,1,1,1,1,291,370,127,490,367,28800
996,996,996,mainz_000001_041923_leftImg8bit,leftImg8bit,0,1,0,0,1,996,1113,1,0,0,0,1,301,511,176,586,326,11250
997,997,997,mainz_000001_042121_leftImg8bit,leftImg8bit,0,0,0,6,0,997,68,0,0,0,6,0,644,247,125,367,365,28800
1000,1000,1000,mainz_000001_043656_leftImg8bit,leftImg8bit,0,1,1,2,0,1000,395,1,0,1,2,0,528,169,160,244,310,11250
1004,1004,1004,mainz_000001_045197_leftImg8bit,leftImg8bit,1,1,0,6,1,1004,785,1,1,0,6,1,1158,359,104,479,344,28800
1005,1005,1005,mainz_000001_045385_leftImg8bit,leftImg8bit,0,1,1,6,0,1005,347,1,0,1,6,0,119,667,179,742,329,11250
1006,1006,1006,mainz_000001_045651_leftImg8bit,leftImg8bit,0,0,1,2,1,1006,431,0,0,1,2,1,1080,200,200,250,300,5000
1007,1007,1007,mainz_000001_045782_leftImg8bit,leftImg8bit,1,1,0,6,1,1007,776,1,1,0,6,1,830,378,177,453,327,11250
1008,1008,1008,mainz_000001_046381_leftImg8bit,leftImg8bit,0,0,0,6,0,1008,1276,0,0,0,6,0,19,154,161,229,311,11250
1013,1013,1013,mainz_000001_048725_leftImg8bit,leftImg8bit,1,0,0,5,0,1013,1145,0,1,0,5,0,1184,372,190,422,290,5000
1014,1014,1014,mainz_000002_000061_leftImg8bit,leftImg8bit,0,1,1,1,1,1014,1094,1,0,1,1,1,1009,364,110,484,350,28800
1015,1015,1015,mainz_000002_000181_leftImg8bit,leftImg8bit,1,1,1,0,0,1015,328,1,1,1,0,0,1232,442,175,492,275,5000
1016,1016,1016,mainz_000002_000381_leftImg8bit,leftImg8bit,1,0,1,1,0,1016,1090,0,1,1,1,0,637,371,109,491,349,28800
1017,1017,1017,mainz_000002_000912_leftImg8bit,leftImg8bit,1,1,0,4,1,1017,183,1,1,0,4,1,973,276,129,396,369,28800
1018,1018,1018,mainz_000002_001747_leftImg8bit,leftImg8bit,1,1,0,1,1,1018,1066,1,1,0,1,1,784,368,175,418,275,5000
1020,1020,1020,mainz_000002_002279_leftImg8bit,leftImg8bit,0,1,1,2,0,1020,883,1,0,1,2,0,1351,233,131,353,371,28800
1021,1021,1021,mainz_000003_000043_leftImg8bit,leftImg8bit,1,0,0,6,0,1021,1381,0,1,0,6,0,1523,499,205,549,305,5000
1023,1023,1023,mainz_000003_001465_leftImg8bit,leftImg8bit,1,0,0,4,0,1023,386,0,1,0,4,0,801,323,106,443,346,28800
1027,1027,1027,mainz_000003_003455_leftImg8bit,leftImg8bit,1,1,1,0,0,1027,45,1,1,1,0,0,768,189,116,309,356,28800
1028,1028,1028,mainz_000003_003558_leftImg8bit,leftImg8bit,0,1,0,4,0,1028,812,1,0,0,4,0,660,371,196,421,296,5000
1031,1031,1031,mainz_000003_003942_leftImg8bit,leftImg8bit,1,1,1,3,1,1031,132,1,1,1,3,1,850,315,179,390,329,11250
1032,1032,1032,mainz_000003_004144_leftImg8bit,leftImg8bit,0,0,0,2,1,1032,163,0,0,0,2,1,529,337,169,412,319,11250
1033,1033,1033,mainz_000003_004228_leftImg8bit,leftImg8bit,1,0,0,2,0,1033,1011,0,1,0,2,0,1198,342,102,462,342,28800
1034,1034,1034,mainz_000003_004576_leftImg8bit,leftImg8bit,0,0,1,6,0,1034,197,0,0,1,6,0,1455,366,176,441,326,11250
1035,1035,1035,mainz_000003_004774_leftImg8bit,leftImg8bit,0,0,1,6,0,1035,8,0,0,1,6,0,165,235,186,285,286,5000
1036,1036,1036,mainz_000003_004883_leftImg8bit,leftImg8bit,0,1,1,3,0,1036,14,1,0,1,3,0,1063,647,114,767,354,28800
1038,1038,1038,mainz_000003_005088_leftImg8bit,leftImg8bit,0,0,1,1,1,1038,676,0,0,1,1,1,609,352,129,472,369,28800
1039,1039,1039,mainz_000003_005162_leftImg8bit,leftImg8bit,1,1,1,1,0,1039,877,1,1,1,1,0,734,609,117,729,357,28800
1042,1042,1042,mainz_000003_007024_leftImg8bit,leftImg8bit,1,1,1,3,0,1042,958,1,1,1,3,0,312,310,135,430,375,28800
1045,1045,1045,mainz_000003_007701_leftImg8bit,leftImg8bit,1,1,0,6,0,1045,373,1,1,0,6,0,993,410,201,460,301,5000
1049,1049,1049,mainz_000003_009819_leftImg8bit,leftImg8bit,0,1,0,0,1,1049,121,1,0,0,0,1,454,226,171,301,321,11250
1051,1051,1051,mainz_000003_010772_leftImg8bit,leftImg8bit,1,0,1,4,0,1051,837,0,1,1,4,0,181,5,167,80,317,11250
1053,1053,1053,mainz_000003_010924_leftImg8bit,leftImg8bit,0,0,0,4,0,1053,169,0,0,0,4,0,246,440,148,515,298,11250
1055,1055,1055,mainz_000003_011352_leftImg8bit,leftImg8bit,0,1,0,3,1,1055,919,1,0,0,3,1,583,311,126,431,366,28800
1058,1058,1058,mainz_000003_012341_leftImg8bit,leftImg8bit,0,1,0,0,0,1058,1316,1,0,0,0,0,1345,192,114,312,354,28800
1060,1060,1060,mainz_000003_013348_leftImg8bit,leftImg8bit,1,1,1,3,0,1060,624,1,1,1,3,0,1387,603,172,678,322,11250
1061,1061,1061,mainz_000003_013983_leftImg8bit,leftImg8bit,1,1,1,6,1,1061,297,1,1,1,6,1,760,58,168,133,318,11250
1067,1067,1067,mainz_000003_015411_leftImg8bit,leftImg8bit,1,1,1,6,1,1067,764,1,1,1,6,1,1447,508,131,628,371,28800
1074,1074,1074,mainz_000003_017171_leftImg8bit,leftImg8bit,1,1,0,6,1,1074,1184,1,1,0,6,1,983,312,179,387,329,11250
1075,1075,1075,munich_000000_000019_leftImg8bit,leftImg8bit,0,1,0,3,0,1075,1342,1,0,0,3,0,960,281,204,331,304,5000
1076,1076,1076,munich_000001_000019_leftImg8bit,leftImg8bit,0,0,0,1,1,1076,1218,0,0,0,1,1,856,682,177,757,327,11250
1077,1077,1077,munich_000002_000019_leftImg8bit,leftImg8bit,1,0,0,6,1,1077,879,0,1,0,6,1,599,205,176,280,326,11250
1078,1078,1078,munich_000003_000019_leftImg8bit,leftImg8bit,1,0,0,6,1,1078,72,0,1,0,6,1,1211,348,171,398,271,5000
1081,1081,1081,munich_000006_000019_leftImg8bit,leftImg8bit,0,0,0,6,0,1081,645,0,0,0,6,0,1079,277,121,397,361,28800
1083,1083,1083,munich_000008_000019_leftImg8bit,leftImg8bit,0,1,1,3,0,1083,723,1,0,1,3,0,651,617,155,692,305,11250
1084,1084,1084,munich_000009_000019_leftImg8bit,leftImg8bit,1,1,0,3,0,1084,936,1,1,0,3,0,169,399,128,519,368,28800
1085,1085,1085,munich_000010_000019_leftImg8bit,leftImg8bit,0,1,1,2,1,1085,365,1,0,1,2,1,602,384,187,434,287,5000
1087,1087,1087,munich_000012_000019_leftImg8bit,leftImg8bit,0,1,1,2,0,1087,1232,1,0,1,2,0,1146,387,173,462,323,11250
1088,1088,1088,munich_000013_000019_leftImg8bit,leftImg8bit,0,1,0,0,1,1088,543,1,0,0,0,1,230,366,125,486,365,28800
1091,1091,1091,munich_000016_000019_leftImg8bit,leftImg8bit,1,1,1,2,0,1091,87,1,1,1,2,0,876,384,205,434,305,5000
1095,1095,1095,munich_000020_000019_leftImg8bit,leftImg8bit,0,1,0,1,1,1095,1157,1,0,0,1,1,997,418,195,468,295,5000
1098,1098,1098,munich_000023_000019_leftImg8bit,leftImg8bit,0,1,0,3,0,1098,1396,1,0,0,3,0,290,303,125,423,365,28800
1100,1100,1100,munich_000025_000019_leftImg8bit,leftImg8bit,1,0,0,0,1,1100,679,0,1,0,0,1,1357,302,134,422,374,28800
1103,1103,1103,munich_000028_000019_leftImg8bit,leftImg8bit,0,0,0,1,0,1103,1088,0,0,0,1,0,431,275,135,395,375,28800
1104,1104,1104,munich_000029_000019_leftImg8bit,leftImg8bit,1,0,1,1,0,1104,292,0,1,1,1,0,1305,523,120,643,360,28800
1105,1105,1105,munich_000030_000019_leftImg8bit,leftImg8bit,1,1,1,4,0,1105,358,1,1,1,4,0,268,370,91,490,331,28800
1106,1106,1106,munich_000031_000019_leftImg8bit,leftImg8bit,1,0,0,0,1,1106,653,0,1,0,0,1,908,323,122,443,362,28800
1107,1107,1107,munich_000032_000019_leftImg8bit,leftImg8bit,1,1,0,4,1,1107,1235,1,1,0,4,1,1242,336,126,456,366,28800
1113,1113,1113,munich_000038_000019_leftImg8bit,leftImg8bit,1,0,0,1,1,1113,306,0,1,0,1,1,740,308,123,428,363,28800
1115,1115,1115,munich_000040_000019_leftImg8bit,leftImg8bit,1,0,1,4,1,1115,1354,0,1,1,4,1,436,225,134,345,374,28800
1117,1117,1117,munich_000042_000019_leftImg8bit,leftImg8bit,1,0,0,0,0,1117,166,0,1,0,0,0,1261,554,168,629,318,11250
1120,1120,1120,munich_000045_000019_leftImg8bit,leftImg8bit,1,1,1,4,1,1120,474,1,1,1,4,1,677,335,194,385,294,5000
1121,1121,1121,munich_000046_000019_leftImg8bit,leftImg8bit,1,0,1,6,0,1121,574,0,1,1,6,0,684,225,177,300,327,11250
1122,1122,1122,munich_000047_000019_leftImg8bit,leftImg8bit,0,1,0,3,1,1122,1062,1,0,0,3,1,855,37,155,112,305,11250
1123,1123,1123,munich_000048_000019_leftImg8bit,leftImg8bit,0,0,1,1,0,1123,313,0,0,1,1,0,156,353,130,473,370,28800
1124,1124,1124,munich_000049_000019_leftImg8bit,leftImg8bit,1,1,1,3,0,1124,868,1,1,1,3,0,1341,291,165,366,315,11250
1128,1128,1128,munich_000053_000019_leftImg8bit,leftImg8bit,1,0,1,2,0,1128,995,0,1,1,2,0,1322,315,119,435,359,28800
1129,1129,1129,munich_000054_000019_leftImg8bit,leftImg8bit,1,1,1,0,1,1129,660,1,1,1,0,1,503,388,129,508,369,28800
1130,1130,1130,munich_000055_000019_leftImg8bit,leftImg8bit,0,1,1,1,0,1130,1293,1,0,1,1,0,546,433,195,483,295,5000
1132,1132,1132,munich_000057_000019_leftImg8bit,leftImg8bit,1,1,0,0,0,1132,941,1,1,0,0,0,1140,327,135,447,375,28800
1139,1139,1139,munich_000064_000019_leftImg8bit,leftImg8bit,0,0,1,2,1,1139,405,0,0,1,2,1,296,318,180,393,330,11250
1146,1146,1146,munich_000071_000019_leftImg8bit,leftImg8bit,0,1,0,0,0,1146,546,1,0,0,0,0,1014,260,202,310,302,5000
1148,1148,1148,munich_000073_000019_leftImg8bit,leftImg8bit,1,0,1,4,1,1148,1200,0,1,1,4,1,89,322,127,442,367,28800
1150,1150,1150,munich_000075_000019_leftImg8bit,leftImg8bit,0,1,1,6,1,1150,494,1,0,1,6,1,1244,239,116,359,356,28800
1155,1155,1155,munich_000080_000019_leftImg8bit,leftImg8bit,1,1,0,1,1,1155,985,1,1,0,1,1,737,665,204,715,304,5000
1156,1156,1156,munich_000081_000019_leftImg8bit,leftImg8bit,0,1,0,0,0,1156,1347,1,0,0,0,0,1066,298,114,418,354,28800
1159,1159,1159,munich_000086_000019_leftImg8bit,leftImg8bit,1,1,0,0,0,1159,781,1,1,0,0,0,527,350,133,470,373,28800
1160,1160,1160,munich_000087_000019_leftImg8bit,leftImg8bit,0,0,0,3,0,1160,1056,0,0,0,3,0,1371,331,175,406,325,11250
1163,1163,1163,munich_000090_000019_leftImg8bit,leftImg8bit,0,1,0,1,0,1163,833,1,0,0,1,0,14,27,205,77,305,5000
1166,1166,1166,munich_000094_000019_leftImg8bit,leftImg8bit,1,0,0,4,0,1166,256,0,1,0,4,0,114,388,195,438,295,5000
1167,1167,1167,munich_000095_000019_leftImg8bit,leftImg8bit,1,1,0,2,1,1167,1170,1,1,0,2,1,689,442,149,517,299,11250
1168,1168,1168,munich_000096_000019_leftImg8bit,leftImg8bit,1,0,0,0,0,1168,316,0,1,0,0,0,836,288,192,338,292,5000
1169,1169,1169,munich_000097_000019_leftImg8bit,leftImg8bit,0,1,0,2,0,1169,352,1,0,0,2,0,1502,109,204,159,304,5000
1176,1176,1176,munich_000104_000019_leftImg8bit,leftImg8bit,1,1,0,4,0,1176,484,1,1,0,4,0,1132,242,196,292,296,5000
1180,1180,1180,munich_000108_000019_leftImg8bit,leftImg8bit,1,1,0,3,0,1180,455,1,1,0,3,0,901,607,176,682,326,11250
1183,1183,1183,munich_000112_000019_leftImg8bit,leftImg8bit,0,1,0,4,1,1183,19,1,0,0,4,1,1141,358,119,478,359,28800
1185,1185,1185,munich_000114_000019_leftImg8bit,leftImg8bit,1,0,1,0,0,1185,1034,0,1,1,0,0,1365,308,198,358,298,5000
1188,1188,1188,munich_000117_000019_leftImg8bit,leftImg8bit,1,0,1,1,0,1188,578,0,1,1,1,0,350,125,180,200,330,11250
1190,1190,1190,munich_000119_000019_leftImg8bit,leftImg8bit,0,1,0,6,1,1190,981,1,0,0,6,1,478,103,194,153,294,5000
1192,1192,1192,munich_000121_000019_leftImg8bit,leftImg8bit,1,1,1,1,1,1192,705,1,1,1,1,1,215,348,120,468,360,28800
1193,1193,1193,munich_000122_000019_leftImg8bit,leftImg8bit,0,1,1,2,1,1193,38,1,0,1,2,1,24,361,176,436,326,11250
1196,1196,1196,munich_000125_000019_leftImg8bit,leftImg8bit,0,0,0,2,1,1196,43,0,0,0,2,1,1120,359,176,434,326,11250
1198,1198,1198,munich_000127_000019_leftImg8bit,leftImg8bit,1,1,0,1,1,1198,1167,1,1,0,1,1,332,327,204,377,304,5000
1199,1199,1199,munich_000128_000019_leftImg8bit,leftImg8bit,0,0,0,6,0,1199,608,0,0,0,6,0,1343,409,114,529,354,28800
1202,1202,1202,munich_000131_000019_leftImg8bit,leftImg8bit,1,1,1,0,1,1202,1136,1,1,1,0,1,105,495,132,615,372,28800
1205,1205,1205,munich_000134_000019_leftImg8bit,leftImg8bit,0,1,0,3,0,1205,1250,1,0,0,3,0,202,584,203,634,303,5000
1208,1208,1208,munich_000137_000019_leftImg8bit,leftImg8bit,1,1,1,3,1,1208,381,1,1,1,3,1,35,646,196,696,296,5000
1209,1209,1209,munich_000138_000019_leftImg8bit,leftImg8bit,0,1,1,3,1,1209,845,1,0,1,3,1,930,303,132,423,372,28800
1212,1212,1212,munich_000142_000019_leftImg8bit,leftImg8bit,0,1,1,3,0,1212,419,1,0,1,3,0,806,261,195,311,295,5000
1213,1213,1213,munich_000143_000019_leftImg8bit,leftImg8bit,1,0,0,0,1,1213,466,0,1,0,0,1,776,422,193,472,293,5000
1216,1216,1216,munich_000146_000019_leftImg8bit,leftImg8bit,0,0,0,6,0,1216,1064,0,0,0,6,0,636,297,180,372,330,11250
1218,1218,1218,munich_000149_000019_leftImg8bit,leftImg8bit,1,1,1,2,1,1218,1119,1,1,1,2,1,1495,431,168,506,318,11250
1219,1219,1219,munich_000150_000019_leftImg8bit,leftImg8bit,1,0,1,6,1,1219,52,0,1,1,6,1,502,391,175,466,325,11250
1221,1221,1221,munich_000153_000019_leftImg8bit,leftImg8bit,1,1,1,2,0,1221,559,1,1,1,2,0,17,327,125,447,365,28800
1222,1222,1222,munich_000154_000019_leftImg8bit,leftImg8bit,1,1,0,4,0,1222,444,1,1,0,4,0,1170,251,131,371,371,28800
1223,1223,1223,munich_000155_000019_leftImg8bit,leftImg8bit,1,1,1,0,1,1223,80,1,1,1,0,1,1283,305,204,355,304,5000
1225,1225,1225,munich_000157_000019_leftImg8bit,leftImg8bit,0,1,1,6,0,1225,283,1,0,1,6,0,1012,206,165,281,315,11250
1226,1226,1226,munich_000158_000019_leftImg8bit,leftImg8bit,0,1,1,2,1,1226,1013,1,0,1,2,1,203,463,195,513,295,5000
1228,1228,1228,munich_000160_000019_leftImg8bit,leftImg8bit,0,0,0,4,0,1228,269,0,0,0,4,0,474,371,166,446,316,11250
1230,1230,1230,munich_000162_000019_leftImg8bit,leftImg8bit,0,1,1,6,0,1230,767,1,0,1,6,0,339,300,205,350,305,5000
1232,1232,1232,munich_000164_000019_leftImg8bit,leftImg8bit,1,0,0,6,0,1232,496,0,1,0,6,0,88,421,135,541,375,28800
1235,1235,1235,munich_000167_000019_leftImg8bit,leftImg8bit,1,1,0,3,1,1235,978,1,1,0,3,1,46,417,180,492,330,11250
1241,1241,1241,munich_000175_000019_leftImg8bit,leftImg8bit,0,0,0,4,0,1241,217,0,0,0,4,0,884,361,121,481,361,28800
1244,1244,1244,munich_000178_000019_leftImg8bit,leftImg8bit,0,1,0,2,0,1244,1252,1,0,0,2,0,40,271,112,391,352,28800
1249,1249,1249,munich_000183_000019_leftImg8bit,leftImg8bit,0,1,1,2,0,1249,854,1,0,1,2,0,136,404,131,524,371,28800
1253,1253,1253,munich_000188_000019_leftImg8bit,leftImg8bit,1,1,1,3,1,1253,749,1,1,1,3,1,231,115,135,235,375,28800
1258,1258,1258,munich_000196_000019_leftImg8bit,leftImg8bit,1,1,0,2,0,1258,271,1,1,0,2,0,1176,14,123,134,363,28800
1260,1260,1260,munich_000198_000019_leftImg8bit,leftImg8bit,0,0,1,3,0,1260,1143,0,0,1,3,0,612,249,127,369,367,28800
1261,1261,1261,munich_000199_000019_leftImg8bit,leftImg8bit,1,0,0,4,0,1261,1355,0,1,0,4,0,192,177,133,297,373,28800
1265,1265,1265,munich_000203_000019_leftImg8bit,leftImg8bit,0,1,0,2,1,1265,350,1,0,0,2,1,1068,494,193,544,293,5000
1275,1275,1275,munich_000217_000019_leftImg8bit,leftImg8bit,0,1,0,2,0,1275,656,1,0,0,2,0,418,384,190,434,290,5000
1278,1278,1278,munich_000226_000019_leftImg8bit,leftImg8bit,1,0,0,1,0,1278,1155,0,1,0,1,0,494,295,148,370,298,11250
1279,1279,1279,munich_000227_000019_leftImg8bit,leftImg8bit,1,1,0,5,0,1279,143,1,1,0,5,0,48,78,122,198,362,28800
1284,1284,1284,munich_000232_000019_leftImg8bit,leftImg8bit,0,1,0,2,1,1284,59,1,0,0,2,1,111,637,131,757,371,28800
1293,1293,1293,munich_000241_000019_leftImg8bit,leftImg8bit,1,0,0,0,0,1293,1363,0,1,0,0,0,394,12,180,87,330,11250
1294,1294,1294,munich_000243_000019_leftImg8bit,leftImg8bit,1,0,0,2,1,1294,680,0,1,0,2,1,1366,349,174,424,324,11250
1295,1295,1295,munich_000244_000019_leftImg8bit,leftImg8bit,0,1,0,2,1,1295,353,1,0,0,2,1,655,282,180,357,330,11250
1297,1297,1297,munich_000246_000019_leftImg8bit,leftImg8bit,0,0,0,2,0,1297,828,0,0,0,2,0,948,433,134,553,374,28800
1299,1299,1299,munich_000248_000019_leftImg8bit,leftImg8bit,1,0,1,6,1,1299,193,0,1,1,6,1,1445,1,133,121,373,28800
1300,1300,1300,munich_000249_000019_leftImg8bit,leftImg8bit,0,0,0,3,1,1300,125,0,0,0,3,1,104,260,205,310,305,5000
1302,1302,1302,munich_000251_000019_leftImg8bit,leftImg8bit,0,1,0,2,1,1302,655,1,0,0,2,1,274,218,202,268,302,5000
1308,1308,1308,munich_000257_000019_leftImg8bit,leftImg8bit,0,1,1,0,0,1308,124,1,0,1,0,0,9,534,180,609,330,11250
1310,1310,1310,munich_000259_000019_leftImg8bit,leftImg8bit,1,1,1,2,1,1310,1278,1,1,1,2,1,616,396,123,516,363,28800
1312,1312,1312,munich_000261_000019_leftImg8bit,leftImg8bit,1,0,1,3,1,1312,525,0,1,1,3,1,1221,351,125,471,365,28800
1318,1318,1318,munich_000268_000019_leftImg8bit,leftImg8bit,1,1,0,1,0,1318,892,1,1,0,1,0,1128,408,132,528,372,28800
1319,1319,1319,munich_000269_000019_leftImg8bit,leftImg8bit,0,0,1,6,0,1319,1148,0,0,1,6,0,690,350,178,425,328,11250
1321,1321,1321,munich_000271_000019_leftImg8bit,leftImg8bit,1,1,0,1,0,1321,609,1,1,0,1,0,1514,432,115,552,355,28800
1322,1322,1322,munich_000272_000019_leftImg8bit,leftImg8bit,0,1,1,2,0,1322,576,1,0,1,2,0,480,216,129,336,369,28800
1323,1323,1323,munich_000273_000019_leftImg8bit,leftImg8bit,1,1,1,1,1,1323,1410,1,1,1,1,1,1415,458,110,578,350,28800
1324,1324,1324,munich_000274_000019_leftImg8bit,leftImg8bit,0,0,0,6,0,1324,1208,0,0,0,6,0,943,584,121,704,361,28800
1329,1329,1329,munich_000279_000019_leftImg8bit,leftImg8bit,0,0,0,0,0,1329,102,0,0,0,0,0,1390,384,195,434,295,5000
1331,1331,1331,munich_000281_000019_leftImg8bit,leftImg8bit,0,1,1,2,0,1331,99,1,0,1,2,0,1517,435,205,485,305,5000
1332,1332,1332,munich_000282_000019_leftImg8bit,leftImg8bit,1,1,1,3,0,1332,1097,1,1,1,3,0,916,192,174,267,324,11250
1334,1334,1334,munich_000284_000019_leftImg8bit,leftImg8bit,0,1,1,0,1,1334,595,1,0,1,0,1,412,370,196,420,296,5000
1337,1337,1337,munich_000287_000019_leftImg8bit,leftImg8bit,0,0,0,4,1,1337,417,0,0,0,4,1,164,514,132,634,372,28800
1339,1339,1339,munich_000289_000019_leftImg8bit,leftImg8bit,1,1,1,3,1,1339,1176,1,1,1,3,1,533,319,130,439,370,28800
1347,1347,1347,munich_000299_000019_leftImg8bit,leftImg8bit,1,1,0,6,0,1347,473,1,1,0,6,0,694,274,130,394,370,28800
1349,1349,1349,munich_000301_000019_leftImg8bit,leftImg8bit,1,1,1,6,1,1349,286,1,1,1,6,1,1358,222,179,297,329,11250
1350,1350,1350,munich_000303_000019_leftImg8bit,leftImg8bit,0,1,0,1,1,1350,1000,1,0,0,1,1,765,348,204,398,304,5000
1353,1353,1353,munich_000306_000019_leftImg8bit,leftImg8bit,1,0,1,1,1,1353,658,0,1,1,1,1,263,373,202,423,302,5000
1354,1354,1354,munich_000307_000019_leftImg8bit,leftImg8bit,1,1,0,1,1,1354,661,1,1,0,1,1,1260,328,127,448,367,28800
1357,1357,1357,munich_000311_000019_leftImg8bit,leftImg8bit,1,1,0,3,1,1357,67,1,1,0,3,1,748,192,201,242,301,5000
1359,1359,1359,munich_000314_000019_leftImg8bit,leftImg8bit,1,1,0,4,1,1359,1117,1,1,0,4,1,248,397,202,447,302,5000
1362,1362,1362,munich_000318_000019_leftImg8bit,leftImg8bit,1,0,0,2,1,1362,101,0,1,0,2,1,1057,269,125,389,365,28800
1364,1364,1364,munich_000320_000019_leftImg8bit,leftImg8bit,0,0,0,0,1,1364,652,0,0,0,0,1,1254,396,170,471,320,11250
1366,1366,1366,munich_000322_000019_leftImg8bit,leftImg8bit,0,0,0,6,0,1366,524,0,0,0,6,0,1298,305,118,425,358,28800
1368,1368,1368,munich_000324_000019_leftImg8bit,leftImg8bit,0,1,0,2,1,1368,370,1,0,0,2,1,1034,251,203,301,303,5000
1369,1369,1369,munich_000325_000019_leftImg8bit,leftImg8bit,1,1,0,5,0,1369,92,1,1,0,5,0,926,403,123,523,363,28800
1378,1378,1378,munich_000336_000019_leftImg8bit,leftImg8bit,0,0,0,0,1,1378,155,0,0,0,0,1,1340,470,193,520,293,5000
1379,1379,1379,munich_000337_000019_leftImg8bit,leftImg8bit,1,0,0,0,1,1379,401,0,1,0,0,1,1037,459,193,509,293,5000
1380,1380,1380,munich_000338_000019_leftImg8bit,leftImg8bit,1,1,0,2,1,1380,992,1,1,0,2,1,1431,173,179,248,329,11250
1382,1382,1382,munich_000340_000019_leftImg8bit,leftImg8bit,1,0,0,3,1,1382,610,0,1,0,3,1,823,331,192,381,292,5000
1383,1383,1383,munich_000341_000019_leftImg8bit,leftImg8bit,1,1,1,0,0,1383,439,1,1,1,0,0,198,217,203,267,303,5000
1384,1384,1384,munich_000342_000019_leftImg8bit,leftImg8bit,1,0,0,1,1,1384,115,0,1,0,1,1,913,301,135,421,375,28800
1387,1387,1387,munich_000345_000019_leftImg8bit,leftImg8bit,0,1,1,2,0,1387,1238,1,0,1,2,0,491,341,163,416,313,11250
1390,1390,1390,munich_000349_000019_leftImg8bit,leftImg8bit,0,1,0,1,1,1390,742,1,0,0,1,1,1112,258,182,308,282,5000
1393,1393,1393,munich_000352_000019_leftImg8bit,leftImg8bit,1,1,1,4,1,1393,98,1,1,1,4,1,719,400,204,450,304,5000
1394,1394,1394,munich_000353_000019_leftImg8bit,leftImg8bit,0,1,1,2,0,1394,173,1,0,1,2,0,379,408,199,458,299,5000
1396,1396,1396,munich_000355_000019_leftImg8bit,leftImg8bit,0,1,1,3,1,1396,1419,1,0,1,3,1,381,622,194,672,294,5000
1397,1397,1397,munich_000356_000019_leftImg8bit,leftImg8bit,1,1,1,4,1,1397,273,1,1,1,4,1,1334,300,180,375,330,11250
1398,1398,1398,munich_000357_000019_leftImg8bit,leftImg8bit,0,1,0,2,1,1398,171,1,0,0,2,1,575,396,202,446,302,5000
1399,1399,1399,munich_000358_000019_leftImg8bit,leftImg8bit,0,1,0,0,0,1399,1138,1,0,0,0,0,408,240,127,360,367,28800
1400,1400,1400,munich_000359_000019_leftImg8bit,leftImg8bit,0,1,0,2,0,1400,114,1,0,0,2,0,187,343,120,463,360,28800
1401,1401,1401,munich_000360_000019_leftImg8bit,leftImg8bit,1,0,0,1,0,1401,843,0,1,0,1,0,969,29,205,79,305,5000
1402,1402,1402,munich_000361_000019_leftImg8bit,leftImg8bit,1,0,0,2,0,1402,901,0,1,0,2,0,278,233,173,308,323,11250
1403,1403,1403,munich_000362_000019_leftImg8bit,leftImg8bit,1,1,0,3,0,1403,172,1,1,0,3,0,1492,236,131,356,371,28800
1405,1405,1405,munich_000364_000019_leftImg8bit,leftImg8bit,1,1,0,3,0,1405,604,1,1,0,3,0,565,402,175,477,325,11250
1407,1407,1407,munich_000366_000019_leftImg8bit,leftImg8bit,1,1,1,0,1,1407,818,1,1,1,0,1,255,449,195,499,295,5000
1408,1408,1408,munich_000367_000019_leftImg8bit,leftImg8bit,0,1,0,2,1,1408,1408,1,0,0,2,1,1519,421,205,471,305,5000
1409,1409,1409,munich_000368_000019_leftImg8bit,leftImg8bit,1,0,0,0,1,1409,1212,0,1,0,0,1,467,360,199,410,299,5000
1414,1414,1414,munich_000373_000019_leftImg8bit,leftImg8bit,1,1,1,1,0,1414,693,1,1,1,1,0,1436,308,197,358,297,5000
1417,1417,1417,munich_000376_000019_leftImg8bit,leftImg8bit,0,0,0,1,0,1417,1262,0,0,0,1,0,1301,399,135,519,375,28800
1419,1419,1419,munich_000378_000019_leftImg8bit,leftImg8bit,1,0,1,2,1,1419,416,0,1,1,2,1,154,310,201,360,301,5000
1421,1421,1421,munich_000380_000019_leftImg8bit,leftImg8bit,1,1,1,6,1,1421,1050,1,1,1,6,1,1169,395,120,515,360,28800
1423,1423,1423,munich_000382_000019_leftImg8bit,leftImg8bit,0,1,0,4,0,1423,964,1,0,0,4,0,843,288,135,408,375,28800
1426,1426,1426,munich_000385_000019_leftImg8bit,leftImg8bit,1,0,0,6,1,1426,602,0,1,0,6,1,1296,644,197,694,297,5000
1429,1429,1429,munich_000388_000019_leftImg8bit,leftImg8bit,0,1,1,4,0,1429,1213,1,0,1,4,0,1124,414,199,464,299,5000
1431,1431,1431,munich_000390_000019_leftImg8bit,leftImg8bit,0,1,1,0,1,1431,284,1,0,1,0,1,1089,404,130,524,370,28800
1432,1432,1432,munich_000391_000019_leftImg8bit,leftImg8bit,0,1,1,1,0,1432,560,1,0,1,1,0,380,445,198,495,298,5000
1433,1433,1433,munich_000392_000019_leftImg8bit,leftImg8bit,0,1,1,0,0,1433,209,1,0,1,0,0,701,359,134,479,374,28800
1435,1435,1435,munich_000394_000019_leftImg8bit,leftImg8bit,1,1,0,6,1,1435,1063,1,1,0,6,1,317,443,200,493,300,5000
1437,1437,1437,munich_000396_000019_leftImg8bit,leftImg8bit,1,1,1,0,1,1437,168,1,1,1,0,1,1142,339,180,414,330,11250
1438,1438,1438,munich_000397_000019_leftImg8bit,leftImg8bit,1,1,1,4,1,1438,418,1,1,1,4,1,1193,374,131,494,371,28800
